Ticker,Company Name,Price (Q2),Low PT,Avg PT,High PT,# Analyst,LowPT/Curr%,AvgPT/Curr%,HighPT/Curr%,Rating,Pos-Neg,Positive Q2,Neg Q2,zacks rank,value score,growth score,momentum score,overall score,industry rank,Price(Q3),Change%
ZM,"Zoom Video Communications
",261.18,255,408,525,24,-0.023661842,0.562141052,1.010107972,10,16,22,6,1,F,A,C,D,1.4,470.11,0.7999
COOP,Mr Cooper Group,13.4,14,19.83,26,7,0.044776119,0.479850746,0.940298507,10,2,2,0,1,A,B,A,A,2.7,22.32,0.6657
FDX,FedEx,165.14,100,218.23,300,23,-0.394453191,0.321484801,0.816640426,10,1,1,0,1,C,A,A,A,41.8,251.52,0.5231
BLDR,"Builders Firstsource
",23.29,27,33.38,37,8,0.159295835,0.433233147,0.588664663,10,0,0,0,1,B,A,C,A,13.9,32.62,0.4006
RH,RH,285.03,380,415.11,450,11,0.333192997,0.456373013,0.578781181,10,3,4,1,1,D,A,C,C,12,382.62,0.3424
CRM,Salesforce,191.31,160,264.11,300,30,-0.163661074,0.380534211,0.568135487,10,-8,2,10,1,F,D,D,F,3.1,251.32,0.3137
HZNP,"Horizon Therapeutics
",60.05,90,103,123,10,0.498751041,0.715237302,1.048293089,10,0,0,0,1,D,D,C,D,1.3,77.68,0.2936
DE,Deere,175.49,160,218.69,247,16,-0.088267138,0.246167873,0.407487606,10,1,1,0,1,F,C,D,D,31.4,221.63,0.2629
OMF,"OneMain Holdings
",25.73,29,38,43,11,0.127089001,0.476875243,0.671200933,10,-2,4,6,1,B,F,C,D,2.7,31.25,0.2145
CROX,Crocs,36.32,40,45.29,53,9,0.101321586,0.246971366,0.459251101,10,0,0,0,1,F,A,C,B,1.3,42.73,0.1765
KBH,KB Home,33.09,29,38.5,44,10,-0.123602297,0.163493503,0.32970686,10,0,0,0,1,C,B,F,C,14.8,38.39,0.1602
BBY,Best Buy Co,97.36,97,122.17,135,19,-0.003697617,0.254827445,0.386606409,10,-1,0,1,1,B,A,D,A,8.4,111.29,0.1431
QGEN,Qiagen,48.56,46.32,56.64,71.26,15,-0.046128501,0.166392092,0.467462932,10,0,,,1,D,C,D,D,1.3,52.26,0.0762
WCC,"Wesco International
",43.76,35,52,65,10,-0.200182815,0.188299817,0.485374771,10,-2,4,6,1,B,D,B,B,31.4,44.02,0.0059
YETI,Yeti Holdings,46.88,40,52.45,65,11,-0.146757679,0.118813993,0.386518771,10,2,2,0,1,F,B,A,C,8.4,45.32,-0.0333
MBUU,Malibu Boats,59.07,55,66,77,7,-0.068901304,0.117318436,0.303538175,10,10,10,0,1,D,C,B,C,8.4,49.56,-0.161
RRR,"Red Rock Resorts
",11.14,14,18.29,21,7,0.256732496,0.641831239,0.885098743,10,0,0,0,2,C,F,D,F,2.5,17.1,0.535
GNRC,"Generac Holdings
",135.54,150,193.56,220,12,0.106684374,0.428065516,0.623137081,10,-1,0,1,2,D,B,A,B,31.4,193.64,0.4287
TPX,Tempur Sealy,75.11,82,109.38,130,11,0.091732126,0.456264146,0.730794834,10,0,0,0,2,B,A,C,A,12,89.19,0.1875
ESTC,Elastic,91.84,100,127.54,145,13,0.088850174,0.388719512,0.578832753,10,-6,16,22,2,F,A,F,D,1.5,107.89,0.1748
DHI,DR Horton,64.8,65,74.31,85,15,0.00308642,0.146759259,0.311728395,10,3,3,0,2,C,A,D,B,14.8,75.63,0.1671
ETSY,Etsy,104.23,68,149.47,170,17,-0.347596661,0.434040104,0.631008347,10,-9,0,9,2,D,A,D,B,1.3,121.63,0.1669
LOW,Lowe's,148.54,156,183.58,205,20,0.050222162,0.235896055,0.380099636,10,2,2,0,2,C,A,A,A,13.9,165.86,0.1166
VICI,VICI Properties,22.26,23,27.61,33,10,0.033243486,0.24034142,0.482479784,10,0,1,1,2,D,D,D,F,1.1,23.37,0.0499
HAIN,Hain Celestial,32.78,30,35.29,40,7,-0.08480781,0.07657108,0.220256254,10,4,5,1,2,D,A,B,B,2.1,34.3,0.0464
AGNC,AGNC Investment,13.605,15,15.38,17,8,0.102535832,0.13046674,0.24954061,10,0,1,1,2,B,D,B,C,1.2,13.91,0.0224
DOC,"Physicians Realty
",17.66,18,20,22,10,0.019252548,0.132502831,0.245753114,10,-4,2,6,2,D,D,F,F,1.1,17.91,0.0142
MMM,3M Company,158.71,138,165,180,8,-0.130489572,0.039632033,0.134144036,10,2,2,0,2,C,B,A,B,3.9,160.18,0.0093
NLOK,NortonLifeLock,20.7,21,25.45,28,12,0.014492754,0.229468599,0.352657005,10,-4,2,6,2,C,F,C,D,1.3,20.84,0.0068
NEE,NextEra Energy,280.42,246,287.33,330,10,-0.122744455,0.024641609,0.176806219,10,0,0,0,2,F,D,A,D,1.3,277.56,-0.0102
MCO,Moody's,293.5,275,313.13,358,9,-0.063032368,0.066882453,0.219761499,10,2,2,0,2,F,B,C,D,1.2,289.85,-0.0124
KR,Kroger Company,35.16,33,36.56,40,17,-0.061433447,0.039817975,0.137656428,10,0,0,0,2,A,B,B,A,4.3,33.91,-0.0356
TWLO,Twilio,262.05,225,294.5,335,21,-0.141385232,0.12383133,0.278381988,10,-1,2,3,2,F,F,F,F,1.4,247.09,-0.0571
AMAT,"Applied Materials
",64.22,67,76.22,85,19,0.043288695,0.186857677,0.32357521,10,-8,1,9,2,C,C,D,C,8.4,59.45,-0.0743
HOME,At Home Group,8.75,16.5,19.5,22,7,0.885714286,1.228571429,1.514285714,10,2,8,6,3,A,A,A,A,12,14.86,0.6983
IMVT,Immunovant,25.57,26,42.75,52,8,0.016816582,0.671881111,1.033633164,10,-10,0,10,3,C,D,B,C,1.3,35.19,0.3762
SEDG,"SolarEdge Technologies
",175.65,77,164.4,222,12,-0.561628238,-0.064047822,0.263877028,10,0,0,0,3,D,B,F,D,2.2,238.35,0.357
ENPH,Enphase Energy,62.08,52.5,74.38,100,14,-0.15431701,0.198131443,0.610824742,10,0,0,0,3,F,D,A,D,2.2,82.59,0.3304
AMD,"Advanced Micro Devices
",61.79,62,82.78,120,26,0.003398608,0.33969898,0.942061822,10,2,4,2,3,F,A,D,C,2.9,81.99,0.3269
NVDA,Nvidia,417.55,260,557.17,700,29,-0.377320081,0.334379116,0.676445935,10,0,0,0,3,F,A,C,C,1.1,541.22,0.2962
QCOM,Qualcomm,92.6,98,120.06,150,21,0.058315335,0.296544276,0.61987041,10,-5,0,5,3,C,B,D,C,1.2,117.68,0.2708
SAIL,"SailPoint Technologies Holdings
",31.17,23,39.27,55,13,-0.262111004,0.259865255,0.764517164,10,0,0,0,3,F,C,C,D,1.5,39.57,0.2695
NUAN,"Nuance Communications
",26.905,21,31.67,36,7,-0.219475934,0.177104627,0.338041256,10,0,1,1,3,D,D,D,F,3.1,33.19,0.2336
CSGP,CoStar Group,705.04,800,861.3,925,10,0.134687394,0.221632815,0.311982299,10,0,0,0,3,F,C,C,D,2,848.51,0.2035
AAPL,Apple,97.2725,66.6,120.15,150,35,-0.315325503,0.235189802,0.542059678,10,-2,0,2,3,D,B,C,C,3.8,115.81,0.1906
FIVE,Five Below,109.09,120,136.67,155,15,0.100009167,0.252818773,0.420845174,10,1,2,1,3,D,A,B,B,2,127,0.1642
COO,Cooper Co,289.76,291,336.78,365,9,0.004279404,0.162272225,0.25966317,10,1,3,2,3,C,D,A,C,2.1,337.12,0.1634
ARNA,Arena Pharma,64.74,70,83.18,115,11,0.081248069,0.284831634,0.776336114,10,-1,0,1,3,C,D,F,D,1.3,74.79,0.1552
APTV,Aptiv,82.72,63,89.8,110,10,-0.238394584,0.085589942,0.329787234,10,1,6,5,3,C,F,D,F,1.5,91.68,0.1083
PYPL,Paypal Holdings,178.42,195,219.87,285,32,0.092926802,0.232317005,0.597354557,10,-6,0,6,3,D,A,B,B,1.4,197.03,0.1043
FB,Facebook,239.87,195,294.31,335,36,-0.187059657,0.226956268,0.396589819,10,-15,15,30,3,C,B,A,B,1.3,261.9,0.0918
TMUS,T Mobile US,104.93,110,128.91,150,14,0.048317926,0.228533308,0.429524445,10,-2,0,2,3,C,F,A,D,2,114.36,0.0899
MA,Mastercard,313.37,305,357.44,415,28,-0.02670964,0.140632479,0.324313112,10,1,1,0,3,D,C,B,D,3.3,338.17,0.0791
VZ,Verizon,55.75,57,62.7,70,12,0.022421525,0.124663677,0.255605381,10,3,3,0,3,B,B,B,A,2,59.49,0.0671
MDT,Medtronic,97.49,110,116.35,130,19,0.128320853,0.193455739,0.333470099,10,5,5,0,3,C,F,D,F,1.4,103.92,0.066
XLRN,"Acceleron Pharma
",105.65,106,131.6,155,10,0.003312825,0.245622338,0.467108377,10,2,2,0,3,F,F,C,F,1.3,112.53,0.0651
ST,Sensata,40.62,44,49.5,54,9,0.083210241,0.218611521,0.329394387,10,-25,6,31,3,B,D,B,C,2,43.14,0.062
SSNC,"SS&C Technologies Holdings
",57.12,59,67.44,78,10,0.032913165,0.180672269,0.365546218,10,0,0,0,3,B,B,B,B,3.1,60.52,0.0595
CMG,Chipotle,1185.27,751,1288,1600,28,-0.366389093,0.086672235,0.349903398,10,-1,0,1,3,F,C,A,C,4.3,1243.71,0.0493
HD,Home Depot,265.17,276,309.9,332,21,0.040841724,0.16868424,0.252027002,10,2,4,2,3,C,A,A,A,13.9,277.71,0.0473
DIS,Walt Disney,119.03,97,132.39,164,21,-0.185079392,0.112240612,0.377803915,10,0,0,0,3,D,D,B,F,2,124.08,0.0424
NXPI,"NXP Semiconductors
",121.36,110,133.82,175,18,-0.093605801,0.102669743,0.441990771,10,3,3,0,3,C,D,B,D,1.4,124.81,0.0284
EMR,"Emerson Electric Company
",63.96,59,69.89,83,11,-0.077548468,0.092714196,0.297686054,10,2,2,0,3,C,B,B,B,2.4,65.57,0.0252
PEP,PepsiCo,136.01,130,144.64,155,11,-0.044187927,0.063451217,0.139622087,10,4,4,0,3,C,B,D,C,1.4,138.6,0.019
AMZN,Amazon,3099.91,3300,3725,4200,37,0.064547035,0.20164779,0.354878045,10,6,8,2,3,D,A,C,B,2.7,3148.73,0.0157
WMB,Williams Co,19.45,21,24.5,29,12,0.079691517,0.259640103,0.491002571,10,3,3,0,3,C,C,F,D,3.3,19.65,0.0103
APD,"Air Products and Chemicals
",295.51,225,317.92,363,15,-0.238604447,0.075834997,0.228384826,10,0,0,0,3,D,C,C,D,2.5,297.86,0.008
YUMC,"Yum China Holdings
",53.33,60.15,62.87,68,8,0.127882993,0.17888618,0.275079692,10,-1,0,1,3,C,A,D,C,4.3,52.95,-0.0071
ARES,Ares Management,40.78,40,44,46,8,-0.019127023,0.078960275,0.128003923,10,3,3,0,3,F,C,F,F,2.4,40.42,-0.0088
CCI,Crown Castle,168.06,148,179,195,9,-0.119362133,0.065095799,0.160299893,10,0,,,3,D,C,F,D,1.1,166.5,-0.0093
NLY,Annaly Capital,7.23,7.5,8.06,8.5,10,0.037344398,0.114799447,0.175656985,10,0,0,0,3,D,D,B,D,1.2,7.12,-0.0152
AMP,"Ameriprise Financial
",157.96,163,178.71,195,8,0.031906812,0.13136237,0.234489744,10,0,2,2,3,C,F,F,F,2.4,154.11,-0.0244
HTA,Healthcare,26.73,28,30.57,35,7,0.047512159,0.14365881,0.309390198,10,1,1,0,3,D,C,C,D,1.1,26,-0.0273
LKQ,LKQ,28.51,32,39.71,48,8,0.122413188,0.392844616,0.683619783,10,-22,0,22,3,A,A,B,A,10,27.73,-0.0274
DXCM,Dexcom,426.15,400,473.4,540,16,-0.06136337,0.110876452,0.267159451,10,-1,1,2,3,D,A,C,B,1.5,412.23,-0.0327
CHGG,Chegg,76,79,95.25,105,12,0.039473684,0.253289474,0.381578947,10,-2,2,4,3,D,A,D,C,1.4,71.44,-0.06
ATRA,"Atara Biotherapeutics
",13.85,14,35.2,78,7,0.010830325,1.541516245,4.631768953,10,-1,1,2,3,D,D,A,D,1.3,12.96,-0.0643
AMT,American Tower,259.04,275,291.86,315,8,0.061612106,0.126698579,0.216028413,10,-4,0,4,3,D,C,A,C,1.1,241.73,-0.0668
ZNGA,Zynga,9.81,8,11.83,13.3,14,-0.184505607,0.205912334,0.355759429,10,4,4,0,3,D,A,A,A,2.5,9.12,-0.0703
ETRN,"Equitrans Midstream
",9.36,10,12.67,15,7,0.068376068,0.353632479,0.602564103,10,-4,2,6,3,B,C,B,B,2,8.46,-0.0962
ABBV,AbbVie,97.7,105,111.43,127,9,0.074718526,0.140532242,0.299897646,10,0,0,0,3,B,C,D,B,2,87.59,-0.1035
VG,Vonage Holdings,11.65,12,13.88,16,9,0.030042918,0.191416309,0.373390558,10,0,0,0,3,C,B,D,C,1.1,10.23,-0.1219
LITE,"Lumentum Holdings
",87.24,84,106.27,120,15,-0.037138927,0.218133884,0.375515818,10,-6,0,6,3,C,A,F,C,2,75.13,-0.1388
CWH,"Camping World Holdings
",38.29,30,38.29,49,8,-0.216505615,0,0.279707495,10,4,4,0,3,A,A,A,A,1,29.75,-0.223
NBIX,Neurocrine,130.42,120,140,161,18,-0.079895722,0.073454992,0.23447324,10,4,8,4,3,D,A,B,B,1.3,96.16,-0.2627
UPWK,Upwork,14.09,17,18.43,20,7,0.206529454,0.308019872,0.419446416,10,-18,4,22,4,D,C,D,D,1.3,17.44,0.2378
SYY,Sysco,55.34,57,64,74,7,0.029996386,0.15648717,0.337188291,10,-5,0,5,4,C,B,D,B,2.1,62.22,0.1243
DOCU,DocuSign,203.98,210,255.4,300,16,0.029512697,0.252083538,0.470732425,10,8,10,2,4,F,A,D,C,1.5,215.24,0.0552
TPIC,TPI Composites,28.51,26,32.89,37,9,-0.088039284,0.153630305,0.297790249,10,1,2,1,4,C,D,A,C,1.3,28.96,0.0158
T,AT&T,30.16,25,33.78,38,11,-0.171087533,0.120026525,0.25994695,10,-3,0,3,4,A,B,F,A,2,28.51,-0.0547
LRCX,Lam Research,361.96,320,394.79,450,20,-0.115924412,0.09070063,0.243231296,10,-1,2,3,4,C,B,C,B,8.4,331.75,-0.0835
BHVN,"Biohaven Pharmaceutical Holding Co
",72.97,57,85.67,109,7,-0.218857065,0.174044128,0.493764561,10,-1,0,1,4,F,F,C,F,1.3,65.01,-0.1091
COUP,Coupa Software,313.43,232,288.12,339,17,-0.259802827,-0.080751683,0.081581214,10,0,0,0,4,F,B,F,D,1.4,274.24,-0.125
GWRE,Guidewire,121.84,129,137.57,145,7,0.058765594,0.129103743,0.190085358,10,-6,2,8,4,F,B,B,C,5.1,104.27,-0.1442
GTLS,"Chart Industries
",55.64,50,75.1,86,10,-0.101365924,0.349748382,0.545650611,10,3,3,0,5,D,A,F,C,1.5,70.27,0.2629
ZS,Zscaler,125.11,100,148.44,205,18,-0.200703381,0.186475901,0.638558069,10,0,4,4,5,F,B,D,D,1.3,140.69,0.1245
INO,"Inovio Pharmaceuticals
",26.19,8,19,36,8,-0.694539901,-0.274532264,0.374570447,10,0,6,6,,,,,,1.3,11.6,-0.5571
DKS,"Dick's Sporting Goods
",44.4,50,59.29,71,18,0.126126126,0.33536036,0.599099099,9,-1,0,1,1,B,A,D,A,2,57.88,0.3036
AAN,Aaron's,44.43,68,75.43,90,7,0.530497412,0.697726761,1.025658339,9,-4,0,4,1,B,B,B,A,8.4,56.65,0.275
NKE,Nike,98.91,95,119.87,150,27,-0.039530887,0.211909817,0.516530179,9,1,1,0,1,F,F,A,F,6.1,125.54,0.2692
DOOR,"Masonite International
",84.37,84,98.86,120,8,-0.004385445,0.171743511,0.422306507,9,2,2,0,1,C,B,C,B,15.7,98.4,0.1663
LEN,Lennar,70.93,65,84.09,99,13,-0.083603553,0.185535035,0.395742281,9,-2,2,4,1,C,B,B,B,14.8,81.68,0.1516
GM,General Motors,26.3,20,36.79,60,15,-0.239543726,0.398859316,1.281368821,9,0,0,0,1,A,F,B,D,2.8,29.59,0.1251
CASY,Casey's General,164.57,170,195.13,225,8,0.032995078,0.185696056,0.367199368,9,2,4,2,1,C,A,F,C,31.4,177.65,0.0795
DOW,Dow,44.34,33,44.77,57,15,-0.255751015,0.00969779,0.285520974,9,0,0,0,1,D,D,A,C,2.5,47.05,0.0611
WSM,Williams-Sonoma,86.78,89,105,120,13,0.025581931,0.209956211,0.382807098,9,8,8,0,1,C,B,A,A,12,90.44,0.0422
CRUS,Cirrus Logic,65.01,65,80.2,95,7,-0.000153822,0.233656361,0.461313644,9,0,0,0,1,F,F,D,F,2.9,67.45,0.0375
ODFL,"Old Dominion Freight
",186.25,156,186,220,9,-0.162416107,-0.001342282,0.181208054,9,-3,0,3,1,F,C,A,C,13.9,180.92,-0.0286
ENV,Envestnet,80.9,70,92.5,102,7,-0.13473424,0.143386897,0.260815822,9,0,0,0,1,F,B,C,D,3.3,77.16,-0.0462
PRPL,"Purple Innovation
",18.93,25,27,31,7,0.320655045,0.426307448,0.637612256,9,1,3,2,2,D,A,A,A,3,24.86,0.3133
FBHS,Fortune Brands,70.52,64,78.18,95,11,-0.092456041,0.108621668,0.347135564,9,-1,0,1,2,C,B,B,B,1.3,86.52,0.2269
SHW,"Sherwin-Williams Company
",625.9,585,688,805,16,-0.065345902,0.099217127,0.286147947,9,-6,0,6,2,D,A,A,B,4.9,696.74,0.1132
QRVO,Qorvo,118.43,125,142.94,160,16,0.055475808,0.206957697,0.351009035,9,0,0,0,2,C,B,A,B,1.2,129.01,0.0893
TMO,Thermo Fisher,410.76,432,463.92,485,17,0.051709027,0.129418639,0.180738144,9,7,8,1,2,C,B,A,B,1.5,441.52,0.0749
DECK,Deckers Outdoor,206.44,211,246.2,265,11,0.022088742,0.192598334,0.283665956,9,-1,1,2,2,D,B,C,C,6.1,220.01,0.0657
WMT,Walmart,132.66,130,147.92,160,27,-0.020051259,0.115030906,0.206090758,9,7,7,0,2,C,A,A,A,4.3,139.91,0.0547
GPK,"Graphic Packaging
",14.32,15,17.33,19,7,0.047486034,0.210195531,0.326815642,9,0,0,0,2,A,A,C,A,8.4,14.09,-0.0161
BLK,Blackrock,582.54,566,634.2,685,11,-0.0283929,0.088680606,0.175884918,9,0,0,0,2,D,D,B,D,2.4,563.55,-0.0326
WERN,"Werner Enterprises
",44.23,40,48.6,55,10,-0.095636446,0.098801718,0.243499887,9,0,2,2,2,A,A,A,A,13.9,41.99,-0.0506
OLLI,"Ollie's Bargain Outlet Holding
",108.81,91,116.54,139,13,-0.163679809,0.071041265,0.277456116,9,0,0,0,2,D,A,A,B,3,87.35,-0.1972
MCRB,"Seres Therapeutics
",4.7,24,33.36,41,8,4.106382979,6.09787234,7.723404255,9,-6,1,7,3,F,F,C,F,1.3,28.31,5.0234
PTON,"Peloton Interactive
",64.14,33,112.05,138,23,-0.485500468,0.746959775,1.151543499,9,5,6,1,3,F,A,C,C,8.4,99.24,0.5472
PLUG,Plug Power,8.95,9,12.12,14,11,0.005586592,0.354189944,0.56424581,9,0,0,0,3,F,D,A,F,2.4,13.41,0.4983
BBBY,"Bed Bath & Beyond
",10,3,9.75,18,13,-0.7,-0.025,0.8,9,-6,0,6,3,C,F,A,D,2,14.98,0.498
AEO,American Eagle,10.09,14,16.17,20,11,0.387512389,0.602576809,0.982160555,9,1,1,0,3,A,B,A,A,2,14.81,0.4678
NAV,Navistar,31.68,27,38.83,45,8,-0.147727273,0.225694444,0.420454545,9,-3,0,3,3,B,A,A,A,2.9,43.54,0.3744
CRWD,"CrowdStrike Holdings
",103.71,116,148.14,172,21,0.118503519,0.428406132,0.658470736,9,-10,2,12,3,F,B,D,D,1.4,137.32,0.3241
DRI,Darden,77.39,71,89.41,112,23,-0.082568807,0.155317224,0.447215403,9,1,1,0,3,C,B,A,B,4.3,100.74,0.3017
ALBO,Albireo Pharma,26.23,62,69.86,81,8,1.363705681,1.663362562,2.088067099,9,-2,0,2,3,F,F,A,F,1.3,33.37,0.2722
CSII,"Cardiovascular Systems
",30.98,40,44,47,7,0.291155584,0.420271143,0.517107811,9,2,2,0,3,D,F,D,F,1.4,39.35,0.2702
SQ,Square,129.18,44,152.23,225,28,-0.659389998,0.178433194,0.74175569,9,-8,0,8,3,F,F,A,F,1.4,162.55,0.2583
UFS,Domtar,21.74,16.69,31.24,42,8,-0.232290708,0.436982521,0.931922723,9,1,1,0,3,A,C,B,B,5.1,26.27,0.2084
PHM,PulteGroup,39.44,44,46.63,50,8,0.115618661,0.182302231,0.267748479,9,1,1,0,3,B,A,B,A,14.8,46.29,0.1737
TTD,Trade Desk,443.32,400,505,580,12,-0.097717225,0.139132004,0.308310024,9,1,3,2,3,F,B,D,D,1.3,518.78,0.1702
CE,Celanese,93.67,95,108.33,120,15,0.014198783,0.156506886,0.2810932,9,2,2,0,3,B,C,A,B,2.2,107.45,0.1471
WDAY,Workday,188.565,170,246.72,296,25,-0.098454114,0.308408241,0.569750484,9,0,4,4,3,F,A,B,C,1.4,215.13,0.1409
NSC,"Norfolk Southern
",189.08,132,203.13,235,16,-0.301882801,0.074307172,0.242860165,9,1,2,1,3,C,D,A,C,1.3,213.99,0.1317
ADM,"Archer Daniels Midland
",41.16,39,48.57,52,7,-0.052478134,0.180029155,0.263362488,9,3,3,0,3,B,B,C,B,1.1,46.49,0.1295
CTSH,Cognizant,61.96,45.5,71.53,85,17,-0.265655261,0.154454487,0.371852808,9,-8,0,8,3,B,A,B,A,5.1,69.42,0.1204
CHTR,"Charter Communications
",565.12,500,658.29,800,19,-0.115232163,0.164867639,0.415628539,9,2,2,0,3,C,B,C,B,2,624.34,0.1048
BAH,Booz Allen,75.18,80,88.75,95,7,0.064112796,0.180500133,0.263633945,9,0,0,0,3,C,A,B,A,4.9,82.98,0.1038
ADBE,Adobe,445.05,500,559.24,600,17,0.123469273,0.256577913,0.348163128,9,-1,1,2,3,D,B,A,B,3.1,490.43,0.102
NOW,ServiceNow,441.6,430,483.8,538,21,-0.026268116,0.095561594,0.218297101,9,-6,6,12,3,F,A,C,C,2,485,0.0983
UNP,Union Pacific,179.38,135,191.39,220,18,-0.247407738,0.066952838,0.22644665,9,-3,1,4,3,C,C,A,B,1.3,196.87,0.0975
PPG,PPG Industries,111.68,114,127.46,140,15,0.020773639,0.141296562,0.253581662,9,1,1,0,3,C,B,A,B,2.5,122.08,0.0931
ABT,Abbott Labs,100.19,94,117.55,136,14,-0.061782613,0.173270786,0.3574209,9,2,2,0,3,C,C,B,C,1.4,108.83,0.0862
FSLR,First Solar,61.15,38,71.4,95,13,-0.378577269,0.167620605,0.553556827,9,-1,3,4,3,C,B,C,B,2.2,66.2,0.0826
ALXN,"Alexion Pharmaceuticals
",105.88,114,147.89,175,11,0.076690593,0.396769928,0.652814507,9,2,12,10,3,A,A,C,A,1.3,114.43,0.0808
ELY,Callaway Golf,17.78,20,22.14,25,7,0.124859393,0.245219348,0.406074241,9,1,2,1,3,B,B,A,A,8.4,19.14,0.0765
SNPS,Synopsys,200.66,215,225.44,230,11,0.071464168,0.123492475,0.146217482,9,0,3,3,3,D,A,C,B,3.1,213.98,0.0664
STAY,"Extended Stay America
",11.25,12,14.38,17,8,0.066666667,0.278222222,0.511111111,9,1,2,1,3,B,F,A,C,1.1,11.95,0.0622
MDLZ,"Mondelez International
",54.55,58,62.67,68,13,0.06324473,0.148854262,0.246562786,9,3,3,0,3,C,B,D,C,2.1,57.45,0.0532
SERV,"Servicemaster Global Holdings
",37.93,41,48.17,55,7,0.080938571,0.269970999,0.450039547,9,0,1,1,3,C,D,D,D,9.3,39.88,0.0514
ISRG,"Intuitive Surgical
",681.34,365,687.13,789,17,-0.464290956,0.00849796,0.158012153,9,-2,1,3,3,D,D,F,F,1.5,709.54,0.0414
O,Realty Income,58.5,59,66.63,72,8,0.008547009,0.138974359,0.230769231,9,-1,1,2,3,D,D,A,D,1,60.75,0.0385
LYB,LyondellBasell,68.37,60,74.89,88,11,-0.122422115,0.095363464,0.287114231,9,3,3,0,3,A,B,B,A,2.5,70.49,0.031
PLD,Prologis,98.38,93,110.22,121,10,-0.054685912,0.120349665,0.229924781,9,0,0,0,3,F,C,B,D,1.1,100.62,0.0228
AMH,American Homes,28.17,27,29.75,34,8,-0.041533546,0.056088037,0.206957756,9,0,2,2,3,D,C,A,C,1.5,28.48,0.011
AVLR,Avalara,126.5,138,147.1,159,10,0.090909091,0.16284585,0.256916996,9,2,2,0,3,F,A,B,C,1.4,127.34,0.0066
AYI,Acuity Brands,102.12,50,102.83,135,7,-0.510379945,0.006952605,0.321974148,9,0,0,0,3,B,A,C,A,3.8,102.35,0.0023
VMW,VMware,144.23,115,168.43,200,18,-0.202662414,0.167787562,0.386674062,9,-3,0,3,3,C,C,C,C,3.1,143.67,-0.0039
BKNG,"Booking Holdings
",1720.54,1500,1928,2150,20,-0.128180687,0.120578423,0.249607681,9,-1,6,7,3,D,C,F,F,2.7,1710.68,-0.0057
AVB,AvalonBay,150.41,140,171.3,205,12,-0.069210824,0.138887042,0.362941294,9,-3,3,6,3,D,D,F,F,1.5,149.34,-0.0071
WLTW,Willis Group,212.51,210,237.14,262,8,-0.011811209,0.115900428,0.232883158,9,2,2,0,3,D,B,D,C,2,208.82,-0.0174
TSCO,Tractor Supply,145.95,140,156.94,171,18,-0.040767386,0.07529976,0.171634121,9,0,2,2,3,B,A,B,A,2,143.34,-0.0179
TDOC,Teladoc,223.98,175,240.83,282,23,-0.218680239,0.075229931,0.259040986,9,-1,0,1,3,F,A,A,C,1.4,219.24,-0.0212
ROK,"Rockwell Automation
",226.6,155,224.27,270,12,-0.315975287,-0.010282436,0.19152692,9,0,0,0,3,D,C,D,D,2,220.68,-0.0261
LMT,Lockheed Martin,394.08,400,435,509,8,0.01502233,0.103836784,0.291615916,9,2,8,6,3,B,A,A,A,1.2,383.28,-0.0274
PII,Polaris,97.33,84,112.5,128,13,-0.136956745,0.155861502,0.315113531,9,1,1,0,3,A,A,C,A,2.8,94.34,-0.0307
PFE,Pfizer,38.56,35,43.13,55,10,-0.092323651,0.118516598,0.426348548,9,17,29,12,3,B,D,F,C,2,36.7,-0.0482
MS,Morgan Stanley,51,45,57.27,68,13,-0.117647059,0.122941176,0.333333333,9,-3,0,3,3,B,D,A,B,2.3,48.35,-0.052
VC,Visteon,73.13,28,68.5,87,7,-0.617120197,-0.06331191,0.189662245,9,0,0,0,3,B,F,A,C,2.9,69.22,-0.0535
LH,Laboratory,200.07,217,232.67,249,8,0.084620383,0.16294297,0.244564402,9,0,2,2,3,A,B,A,A,2.1,188.27,-0.059
DLTR,Dollar Tree,97.12,100,110.82,125,13,0.029654036,0.141062603,0.287067545,9,-2,0,2,3,B,B,D,B,2.4,91.34,-0.0595
MO,Altria Group,41.34,37,48.44,68,10,-0.104983067,0.171746493,0.644895985,9,-4,0,4,3,C,B,C,B,3.1,38.64,-0.0653
ABC,"AmerisourceBergen
",103.81,88,114,127,10,-0.152297467,0.0981601,0.223388884,9,-3,0,3,3,A,B,B,A,2.1,96.92,-0.0664
LOVE,"The Lovesac Company
",30.41,32,37.14,43,7,0.052285432,0.22130878,0.41400855,9,0,0,0,3,F,A,C,B,12,27.71,-0.0888
RTX,"Raytheon Technologies
",63.63,70,76.63,89,9,0.100110011,0.204306145,0.3987113,9,0,0,0,3,B,D,D,C,1.1,57.54,-0.0957
DGX,"Quest Diagnostics
",129.76,128,144.38,151,9,-0.013563502,0.112669544,0.163686806,9,18,18,0,3,B,B,B,A,6.3,114.49,-0.1177
HIG,"Hartford Financial
",42.12,46,49.5,55,9,0.092117759,0.175213675,0.305792972,9,-9,0,9,3,A,C,F,B,2,36.86,-0.1249
RTRX,Retrophin,21.18,21,29.71,38,7,-0.008498584,0.402738432,0.79414542,9,2,4,2,3,D,C,A,C,1.3,18.46,-0.1284
CARG,CarGurus,24.82,27,34.17,39,8,0.087832393,0.376712329,0.571313457,9,-9,1,10,3,D,A,A,A,10,21.63,-0.1285
BC,Brunswick,68.06,68,77.67,88,11,-0.000881575,0.141198942,0.292976785,9,1,2,1,3,B,A,A,A,8.4,58.91,-0.1344
CSCO,Cisco Systems,46.9,45,50.5,55,18,-0.040511727,0.076759062,0.172707889,9,-11,0,11,3,C,B,C,B,2,39.39,-0.1601
NUVA,NuVasive,57.935,53,69,78,9,-0.085181669,0.190989902,0.346336411,9,0,0,0,3,B,D,A,B,1.4,48.57,-0.1616
SPOT,"Spotify Technology SA
",289.62,172,270.76,357,25,-0.406118362,-0.065119812,0.232649679,9,0,,,3,F,B,F,D,1.5,242.57,-0.1625
INFN,Infinera,7.58,5,8.85,15,10,-0.340369393,0.167546174,0.978891821,9,-3,3,6,3,F,B,D,D,2,6.16,-0.1873
TWOU,2U,44.94,42,49.75,55,11,-0.065420561,0.107031598,0.223854028,9,2,3,1,3,F,A,A,B,1.4,33.86,-0.2466
TRHC,"Tabula Rasa HealthCare
",57.16,46,62.22,83,9,-0.195241428,0.088523443,0.452064381,9,-5,0,5,3,D,C,F,F,1.4,40.77,-0.2867
STOR,Store Capital,23.26,20,26.43,32,8,-0.140154772,0.136285469,0.375752365,9,0,0,0,4,D,D,F,F,1,27.43,0.1793
HBI,Hanesbrands,14.05,14,16.88,20,8,-0.003558719,0.201423488,0.423487544,9,4,4,0,4,A,A,C,A,1.3,15.75,0.121
KO,Coca-Cola,48.48,48,54.7,60,10,-0.00990099,0.12830033,0.237623762,9,4,4,0,4,D,C,C,C,1.4,49.37,0.0184
XLNX,Xilinx,103.05,88,109.94,130,18,-0.146045609,0.066860747,0.261523532,9,-4,2,6,4,D,B,B,C,1,104.24,0.0115
PANW,"Palo Alto Networks
",250.36,230,297.81,340,27,-0.081322895,0.189527081,0.358044416,9,3,6,3,4,D,B,B,C,1.2,244.75,-0.0224
PING,"Ping Identity Holding
",33.85,33,35,37,12,-0.025110783,0.033973412,0.093057607,9,-2,0,2,4,D,F,C,F,2,31.21,-0.078
CONE,CyrusOne,77.26,74,86.5,95,14,-0.042195185,0.119596169,0.229614289,9,1,1,0,4,C,B,A,B,1.1,70.03,-0.0936
WYND,"Wyndham Destinations
",30.44,36,41,45,7,0.182654402,0.346911958,0.478318003,9,1,1,0,5,B,D,A,B,1.1,30.76,0.0105
CB,Chubb,135.78,114,140.36,157,12,-0.16040654,0.033731035,0.156282221,9,0,0,0,5,C,D,D,D,1.4,116.12,-0.1448
EAT,"Brinker International
",25.28,28,41.38,55,17,0.107594937,0.636867089,1.175632911,8,3,3,0,1,D,F,A,F,4.3,42.72,0.6899
IBP,"Installed Building Products
",81.55,63,92,115,11,-0.227467811,0.128142244,0.410177805,8,0,3,3,1,F,A,B,B,10,101.75,0.2477
CPRT,Copart,89.56,74,107,120,7,-0.173738276,0.19472979,0.339883877,8,0,4,4,1,F,C,B,D,62.8,105.16,0.1742
TPR,Tapestry,13.7,15,19.33,25,13,0.094890511,0.410948905,0.824817518,8,1,1,0,1,C,F,A,F,2,15.63,0.1409
JCI,"Johnson Controls
",37.05,38,44.82,60,12,0.025641026,0.209716599,0.619433198,8,0,0,0,1,D,C,B,C,1.3,40.85,0.1026
ATVI,"Activision Blizzard
",81.1,65,94.13,106,24,-0.198520345,0.160665845,0.30702836,8,-2,0,2,1,F,C,B,D,3.8,80.95,-0.0018
GO,"Grocery Outlet Holding
",41.58,34,48.7,58,10,-0.182299182,0.171236171,0.394901395,8,0,0,0,1,F,C,D,D,3,39.32,-0.0544
SUM,"Summit Materials
",17.71,19,22.56,25,10,0.072840203,0.273856578,0.411631846,8,1,1,0,1,B,B,D,B,9,16.54,-0.0661
PENN,"Penn National Gaming
",35.93,22,56.13,80,13,-0.387698302,0.562204286,1.226551628,8,-1,0,1,2,D,F,A,F,2.5,72.7,1.0234
TCRR,"TCR2 Therapeutics
",14.38,25,33.38,40,8,0.73852573,1.321279555,1.781641168,8,-6,4,10,2,D,F,F,F,1.3,20.32,0.4131
PNR,Pentair,42.81,39,46.5,54,12,-0.088997898,0.086194814,0.261387526,8,2,2,0,2,C,B,B,B,3.8,45.77,0.0691
SEE,Sealed Air,37.28,40,42.67,49,8,0.072961373,0.144581545,0.314377682,8,6,6,0,2,B,B,C,A,8.4,38.81,0.041
KMB,Kimberly Clark,144.3,139,159.11,181,9,-0.036729037,0.102633403,0.254331254,8,6,6,0,2,C,A,B,B,3,147.66,0.0233
HCA,HCA Healthcare,122.42,100,145.47,168,15,-0.18314001,0.188286228,0.372324784,8,-1,0,1,2,A,A,D,A,2,124.68,0.0185
KEYS,"Keysight Technologies
",98.37,112,126.4,135,11,0.138558504,0.284944597,0.372369625,8,-10,0,10,2,D,B,A,B,2,98.78,0.0042
MAS,Masco,55.15,53.5,61.5,70,13,-0.029918404,0.115140526,0.269265639,8,-1,0,1,2,C,B,A,A,10,55.13,-0.0004
NOC,Northrop,316,370,406.88,470,8,0.170886076,0.287594937,0.487341772,8,-1,0,1,2,B,A,C,A,1.2,315.49,-0.0016
CLGX,Corelogic,68.38,65,70.83,80,8,-0.049429658,0.03582919,0.169932729,8,-1,0,1,2,C,B,A,B,4.1,67.67,-0.0104
GDOT,Green Dot,53.01,48,58,75,11,-0.09451047,0.094133182,0.414827391,8,-1,0,1,2,B,F,B,D,3.3,50.61,-0.0453
VRTX,"Vertex Pharmaceuticals
",291.23,275,312.44,340,19,-0.055729149,0.072829035,0.167462143,8,1,1,0,2,C,A,C,B,1.3,272.12,-0.0656
LLY,Eli Lilly & Co,164.84,164,176.38,190,9,-0.005095851,0.07000728,0.152632856,8,5,8,3,2,C,B,A,A,2,148.02,-0.102
PFG,"Principal Financial
",44.98,38,45.13,52,8,-0.15518008,0.003334815,0.156069364,8,0,0,0,2,A,F,D,C,2.4,40.27,-0.1047
WGO,"Winnebago Industries
",65.93,60,67.83,75,7,-0.08994388,0.028818444,0.13757015,8,0,0,0,2,B,B,A,A,12,51.67,-0.2163
SFM,Sprouts Farmers,27.305,20,28.86,39,10,-0.267533419,0.056949277,0.428309833,8,4,4,0,2,A,A,C,A,3,20.93,-0.2335
CBAY,"CymaBay Therapeutics
",3.51,9,13.43,20,8,1.564102564,2.826210826,4.698005698,8,-13,10,23,3,F,D,C,F,1.2,7.24,1.0627
MRNS,Marinus,7.68,5,7.14,9,8,-0.348958333,-0.0703125,0.171875,8,-1,1,2,3,F,F,A,F,1.3,12.85,0.6732
DNLI,"Denali Therapeutics
",24.43,35,40.71,45,7,0.432664756,0.666393778,0.841997544,8,-6,1,7,3,D,F,A,F,1.3,35.83,0.4666
CZR,"Caesars Entertainment
",38.24,12,49.9,67,10,-0.686192469,0.304916318,0.75209205,8,0,0,0,3,C,F,F,F,1,56.06,0.466
CHNG,"Change Healthcare
",11.28,15,17.89,22,9,0.329787234,0.585992908,0.95035461,8,-1,0,1,3,B,B,B,B,1.4,14.51,0.2863
ROKU,Roku,152.17,65,167.21,228,20,-0.572846159,0.098836827,0.498324243,8,2,4,2,3,F,C,B,D,3.3,188.8,0.2407
PSA,Public Storage,188.31,175,195.83,220,8,-0.070681323,0.039934151,0.168286336,8,0,0,0,3,D,C,D,D,1.1,222.72,0.1827
VFC,VF,59.69,53,66.75,88,12,-0.112079075,0.118277768,0.4742838,8,3,3,0,3,D,F,F,F,1.3,70.25,0.1769
AVGO,Broadcom,313.8,360,405.48,450,25,0.147227533,0.292160612,0.434034417,8,-2,2,4,3,C,A,A,B,2.9,364.32,0.161
KSU,"Kansas City Southern
",156.36,136,176.53,220,15,-0.130212331,0.128997186,0.407009465,8,2,2,0,3,C,C,A,C,1.3,180.83,0.1565
VIAC,ViacomCBS,24.86,22,28.56,35,17,-0.115044248,0.148833467,0.407884151,8,-2,1,3,3,A,B,B,A,2.4,28.01,0.1267
SGEN,"Seattle Genetics
",176.83,145,182,213,15,-0.180003393,0.02923712,0.20454674,8,-8,2,10,3,D,F,A,D,1.3,195.69,0.1067
EXR,"Extra Space Storage
",97.94,83,102.75,119,9,-0.152542373,0.049111701,0.21502961,8,0,0,0,3,D,C,A,C,1.1,106.99,0.0924
VEEV,Veeva Systems,258.65,228,300.89,325,19,-0.118499903,0.163309492,0.256524261,8,-8,8,16,3,F,B,D,D,1.4,281.19,0.0871
CMCSA,Comcast,42.57,40,47.92,53,13,-0.060371153,0.125675358,0.245008222,8,1,1,0,3,B,B,A,A,2,46.26,0.0867
COST,Costco,328.3,302,364.61,410,23,-0.080109656,0.110600061,0.248857752,8,2,2,0,3,C,A,A,A,2.4,355,0.0813
KTOS,Kratos Defense,17.85,22,24,26,7,0.232492997,0.344537815,0.456582633,8,2,2,0,3,D,C,D,D,1.1,19.28,0.0801
SYK,Stryker,194.87,200,223.33,245,13,0.026325242,0.146046082,0.257248422,8,-2,1,3,3,C,D,C,C,1.4,208.37,0.0693
HOLX,Hologic,62.17,64,76.27,85,11,0.029435419,0.226797491,0.367218916,8,2,4,2,3,C,C,A,B,1.5,66.47,0.0692
TDG,Transdigm Group,445.57,375,500.58,772,12,-0.158381399,0.123459838,0.73261216,8,-4,0,4,3,D,C,A,C,1.1,475.12,0.0663
ORCL,Oracle,56.01,41,60.46,70,23,-0.267987859,0.079450098,0.249776826,8,0,0,0,3,B,C,B,B,3.1,59.7,0.0659
ALGT,"Allegiant Travel Company
",113.17,104,148.22,200,9,-0.081028541,0.309711054,0.767252806,8,-3,0,3,3,B,C,C,C,1.1,119.8,0.0586
ICE,"Intercontinental Exchange
",96.06,101,111.09,121,13,0.051426192,0.15646471,0.259629398,8,1,1,0,3,D,D,C,D,2,100.05,0.0415
HSY,Hershey Co,138.46,140,149.58,170,13,0.011122346,0.080312003,0.22779142,8,0,0,0,3,C,B,F,C,2,143.34,0.0352
ALGN,Align Tech,317.97,280,326.22,350,9,-0.119413781,0.025945844,0.100732774,8,-8,2,10,3,D,F,D,F,2.1,327.36,0.0295
ED,"Consolidated Edison
",75.76,72,76.33,83,7,-0.049630412,0.007523759,0.095564942,8,16,16,0,3,C,C,F,C,1.3,77.8,0.0269
VRSK,"Verisk Analytics
",181.35,163,193.8,215,10,-0.101185553,0.068651778,0.185552798,8,0,0,0,3,D,C,C,C,4.9,185.31,0.0218
OKTA,Okta,210.82,215,235.29,266,17,0.019827341,0.116070582,0.261739873,8,-12,3,15,3,F,C,D,D,1.1,213.85,0.0144
ADT,Adt,8.08,11,14.38,17,8,0.361386139,0.77970297,1.103960396,8,-8,0,8,3,A,C,A,A,1.3,8.17,0.0111
ACN,Accenture,224.23,182,224.4,256,16,-0.188333408,0.00075815,0.141684877,8,1,2,1,3,C,A,F,C,4.1,225.99,0.0078
AWK,American Water,143.79,138,147.6,157,7,-0.040267056,0.026496975,0.091870088,8,0,0,0,3,D,C,C,D,2.2,144.88,0.0076
V,Visa,198.86,203,222.37,250,19,0.020818666,0.118223876,0.257165845,8,0,0,0,3,D,D,B,D,3.3,199.97,0.0056
ELF,e.l.f. Beauty,18.39,20,23.63,25,9,0.08754758,0.284937466,0.359434475,8,-12,3,15,3,D,B,A,B,1.3,18.37,-0.0011
BSX,"Boston Scientific
",38.39,43,46.07,50,16,0.120083355,0.200052097,0.302422506,8,-4,0,4,3,C,D,A,C,1.4,38.21,-0.0047
MSFT,Microsoft,211.75,195,230.14,260,29,-0.079102715,0.086847698,0.227863046,8,3,7,4,3,D,A,B,B,3.1,210.33,-0.0067
EQT,EQT,13.03,12,17.38,24,13,-0.07904835,0.333844973,0.8419033,8,0,0,0,3,B,F,A,C,2,12.93,-0.0077
THC,"Tenet Healthcare
",24.76,25,30.22,35,9,0.009693053,0.220516963,0.413570275,8,2,2,0,3,A,A,C,A,2,24.51,-0.0101
AMGN,Amgen,256.98,215,266.14,300,16,-0.163359016,0.035644797,0.167406024,8,0,2,2,3,B,B,B,B,1.3,254.16,-0.011
PTC,PTC,83.83,89,100.5,120,11,0.061672432,0.198854825,0.431468448,8,-2,2,4,3,D,B,B,B,3.1,82.72,-0.0132
PM,Philip Morris,76,75,88.88,98,8,-0.013157895,0.169473684,0.289473684,8,-2,0,2,3,C,B,A,A,3.1,74.99,-0.0133
INVH,"Invitation Homes
",28.4,30,33.38,36,9,0.056338028,0.175352113,0.267605634,8,0,0,0,3,D,C,B,D,1.5,27.99,-0.0144
CCXI,ChemoCentryx,55.66,63,75.14,100,7,0.13187208,0.349982034,0.79662235,8,0,0,0,3,F,F,C,F,1.3,54.8,-0.0155
EXEL,Exelixis,24.86,23,31.17,40,7,-0.074818986,0.2538214,0.609010459,8,-1,3,4,3,B,B,F,B,1.3,24.45,-0.0165
CPT,Camden Property,90.57,95,100.89,111,9,0.048912443,0.113945015,0.225571381,8,-7,3,10,3,D,C,D,D,1.5,88.98,-0.0176
SKX,Skechers USA,30.78,32,37.83,41,7,0.039636127,0.229044834,0.332033788,8,0,1,1,3,B,B,B,A,6.1,30.22,-0.0182
CAG,Conagra Brands,36.51,32,37.33,41,9,-0.123527801,0.0224596,0.122980005,8,1,1,0,3,C,A,D,A,2.1,35.71,-0.0219
NEM,Newmont Mining,65.47,61,77.1,90.38,10,-0.068275546,0.177638613,0.380479609,8,-1,0,1,3,C,C,A,C,4.1,63.45,-0.0309
PRAH,"PRA Health Sciences
",104.69,108,117.17,130,7,0.031617155,0.119209094,0.241761391,8,-2,0,2,3,C,D,D,D,1.4,101.44,-0.031
KKR,KKR & Co,35.57,36,40.35,47.5,13,0.012088839,0.134382907,0.335394996,8,-1,0,1,3,F,D,A,F,2.4,34.34,-0.0346
CMS,CMS Energy,64.08,57,60.67,63,7,-0.110486891,-0.053214732,-0.016853933,8,4,4,0,3,C,C,D,C,1.3,61.41,-0.0417
WEN,Wendy's,23.35,21,24.42,28,15,-0.100642398,0.045824411,0.199143469,8,-2,1,3,3,C,D,D,D,4.3,22.295,-0.0452
ECL,Ecolab,210.32,172,199.67,230,7,-0.182198555,-0.050637124,0.0935717,8,0,0,0,3,D,B,C,C,2.2,199.84,-0.0498
IMAX,IMAX,12.91,12,16.21,21,7,-0.070487994,0.255615802,0.626646011,8,0,0,0,3,D,F,D,F,2.4,11.96,-0.0736
SRE,Sempra Energy,127.88,119,147.71,184,7,-0.0694401,0.155067251,0.438848921,8,0,1,1,3,C,F,B,D,1.4,118.36,-0.0744
EQR,"Equity Residential
",55.7,50,59.08,70,12,-0.102333932,0.060682226,0.256732496,8,0,2,2,3,C,D,F,F,1.5,51.33,-0.0785
MDLA,Medallia,29.91,32,39.75,52,8,0.069876296,0.328986961,0.73854898,8,-6,3,9,3,F,B,B,C,2,27.42,-0.0832
YEXT,Yext,16.58,13,20.75,26,9,-0.215922799,0.251507841,0.568154403,8,-8,4,12,3,F,C,B,D,1.5,15.18,-0.0844
NDAQ,Nasdaq,134.1,116,134.92,146,14,-0.1349739,0.00611484,0.088739746,8,13,16,3,3,D,B,A,C,2,122.71,-0.0849
CYTK,Cytokinetics,23.885,35,41.57,59,7,0.465354825,0.74042286,1.470169562,8,-1,2,3,3,F,F,C,F,1.3,21.65,-0.0936
IPHI,Inphi,125.33,112,146.21,164,14,-0.106359212,0.166600176,0.30854544,8,1,2,1,3,D,A,B,B,1.4,112.25,-0.1044
AA,Alcoa,13.07,11,13.38,17,8,-0.158377965,0.023718439,0.3006886,8,2,2,0,3,A,A,F,A,1.1,11.63,-0.1102
TER,Teradyne,89.49,73,88.28,105,10,-0.184266398,-0.013521064,0.173315454,8,5,11,6,3,C,A,A,A,2,79.46,-0.1121
ANET,Arista Networks,233.83,148,239.08,290,14,-0.36706154,0.022452209,0.240217252,8,-1,6,7,3,C,C,C,C,2.2,206.93,-0.115
ATRC,Atricure,45.19,50,55.86,63,7,0.106439478,0.236114185,0.394113742,8,-2,0,2,3,D,F,A,D,1.4,39.9,-0.1171
VIRT,Virtu Financial,26.07,24,26.71,31,7,-0.079401611,0.02454929,0.189106252,8,0,1,1,3,B,A,F,B,1.2,23.01,-0.1174
FTNT,Fortinet,134.29,102,136.92,170,13,-0.240449773,0.019584481,0.265917045,8,-1,4,5,3,D,A,B,B,1.2,117.81,-0.1227
NYCB,NY Community,10.07,10,11.81,14,8,-0.006951341,0.172790467,0.390268123,8,-2,0,2,3,B,F,A,C,2.7,8.27,-0.1787
TBIO,Translate Bio,19.73,25,31.83,40,7,0.26710593,0.61327927,1.027369488,8,-20,10,30,3,F,F,D,F,1.3,13.61,-0.3102
RUN,Sunrun,40.35,23,45.11,57,9,-0.429987608,0.117967782,0.412639405,8,-8,2,10,4,F,F,C,F,2.2,77.07,0.91
NMIH,NMI Holdings,14.8,18,21.5,25,8,0.216216216,0.452702703,0.689189189,8,1,4,3,4,B,B,C,B,1.4,17.8,0.2027
SFIX,Stitch Fix,24.3,25,30.83,35,7,0.028806584,0.26872428,0.440329218,8,-8,2,10,4,D,F,D,F,2,27.13,0.1165
MDB,MongoDB,216.79,245,284.2,320,11,0.130125928,0.310946077,0.476082845,8,-2,4,6,4,F,C,D,D,1.4,231.51,0.0679
WH,"Wyndham Hotels & Resorts
",47.56,55,57.5,61,7,0.156433978,0.208999159,0.282590412,8,0,0,0,4,D,F,B,F,1.1,50.5,0.0618
TJX,TJX Companies,53.44,54,63.46,68,13,0.010479042,0.1875,0.27245509,8,-2,2,4,4,C,A,F,B,2.4,55.65,0.0414
EBAY,Ebay,56.34,52,62.32,82,27,-0.077032304,0.106141285,0.455449059,8,-4,2,6,4,B,B,B,A,2.7,52.1,-0.0753
BXP,"Boston Properties
",93.14,92,104.6,115,10,-0.012239639,0.123040584,0.234700451,8,0,0,0,4,C,C,B,C,1.1,80.3,-0.1379
YELP,Yelp,23.97,20,25.11,34,12,-0.165623696,0.047559449,0.418439716,8,-6,2,8,4,B,C,A,A,1.3,20.09,-0.1619
ENR,"Energizer Holdings
",48.76,39,50.25,57,8,-0.200164069,0.030557834,0.168990976,8,1,2,1,4,B,A,B,A,3,39.14,-0.1973
CIEN,Ciena,54.95,42,54.46,64,13,-0.23566879,-0.008917197,0.164695177,8,-4,4,8,4,B,A,A,A,1,39.69,-0.2777
TRV,"Travelers Companies
",122.24,115,127,155,10,-0.059227749,0.038939791,0.267997382,8,-1,0,1,5,A,C,F,B,1.4,108.19,-0.1149
BLMN,Bloomin' Brands,10.67,12,14.88,20,9,0.124648547,0.394564199,0.874414246,7,0,0,0,1,C,F,C,F,4.3,15.27,0.4311
BLD,TopBuild,125.13,114,157.9,180,10,-0.088947495,0.261887637,0.438503956,7,0,0,0,1,F,B,C,C,10,170.69,0.3641
TOL,Toll Brothers,36.69,36,43.44,53,10,-0.018806214,0.183973835,0.444535296,7,4,6,2,1,D,C,B,C,14.8,48.66,0.3262
TGT,Target,123.14,127,164.68,180,20,0.031346435,0.337339613,0.461750853,7,0,0,0,1,C,A,D,B,2.4,157.42,0.2784
AGCO,Agco,63.24,58,75,91,13,-0.08285895,0.185958254,0.438962682,7,-1,0,1,1,B,C,B,A,31.4,74.27,0.1744
AAP,"Advance Auto Parts
",149.4,156,179.56,190,13,0.044176707,0.201874163,0.271753681,7,0,0,0,1,C,B,B,A,41.8,153.5,0.0274
SYNA,Synaptics,78.44,90,100.83,120,7,0.147373789,0.285441101,0.529831719,7,1,1,0,1,D,B,D,C,2.9,80.42,0.0252
ARCB,ArcBest,30.69,25,35.38,43,9,-0.185402411,0.152818508,0.401107853,7,-5,2,7,1,A,C,A,A,13.9,31.06,0.0121
CTLT,Catalent,85.04,91,99.5,107,10,0.070084666,0.170037629,0.258231421,7,2,2,0,1,D,B,C,C,1.3,85.66,0.0073
NLSN,"Nielsen Holdings
",15.05,17,19.29,24,7,0.129568106,0.281727575,0.594684385,7,0,0,0,1,A,D,F,C,4.9,14.18,-0.0578
PINS,Pinterest,25.39,26,36.82,45.5,20,0.024025207,0.450177235,0.792044112,7,-3,4,7,2,F,B,F,F,1.4,41.51,0.6349
ZG,Zillow Group,66.98,28,83.06,110,20,-0.581964766,0.240071663,0.642281278,7,7,7,0,2,F,C,C,F,1.3,101.54,0.516
W,Wayfair,226,160,311.35,395,26,-0.292035398,0.377654867,0.747787611,7,4,4,0,2,F,A,C,C,2.7,291.01,0.2877
SPWR,SunPower,9.86,3.27,8.43,13,8,-0.668356998,-0.145030426,0.318458418,7,0,2,2,2,F,B,A,C,2.2,12.51,0.2688
RDFN,Redfin,41.15,24,41.55,58,14,-0.416767922,0.009720535,0.409477521,7,-2,0,2,2,F,B,F,F,1.3,49.93,0.2134
AVYA,Avaya Holdings,12.58,17,19.14,22,7,0.351351351,0.521462639,0.748807631,7,2,2,0,2,A,B,F,B,2,15.2,0.2083
EPAM,Epam Systems,278.13,260,336.38,370,9,-0.065185345,0.209434437,0.330313163,7,0,0,0,2,D,A,C,C,2,323.28,0.1623
CARR,Carrier Global,26.6,26,30.33,38,9,-0.022556391,0.140225564,0.428571429,7,3,3,0,2,B,C,A,B,1.4,30.54,0.1481
TT,"Trane Technologies
",106.21,97,114,125,10,-0.086714999,0.073345259,0.176913662,7,0,0,0,2,C,C,C,C,1.5,121.25,0.1416
DDOG,Datadog,89.5,80,95.18,110,13,-0.106145251,0.063463687,0.229050279,7,0,0,0,2,F,D,F,F,1.4,102.16,0.1415
LHCG,LHC Group,188.48,190,228.57,250,7,0.008064516,0.212701613,0.326400679,7,-4,0,4,2,D,A,A,A,1.4,212.56,0.1278
SBUX,Starbucks,77.24,78,84.63,94,18,0.009839461,0.095675816,0.216986018,7,-2,0,2,2,F,F,A,F,4.3,85.92,0.1124
CMI,Cummins,190.26,160,206.57,244,16,-0.159045517,0.085724798,0.282455587,7,-1,0,1,2,B,D,A,C,8.4,211.16,0.1098
DHR,Danaher,195.61,195,215,233,10,-0.00311845,0.099125812,0.191145647,7,3,24,21,2,D,C,D,D,3.9,215.33,0.1008
INTU,Intuit,296.44,315,379.07,405,14,0.062609634,0.278741061,0.366212387,7,-1,1,2,2,F,B,F,F,3.1,326.21,0.1004
SWI,SolarWinds,18.57,15,20.5,25,8,-0.192245557,0.103931072,0.346257404,7,0,0,0,2,C,C,F,D,1.4,20.34,0.0953
DPZ,Domino's Pizza,389.12,385,430.43,458,22,-0.010587993,0.106162623,0.177014803,7,0,0,0,2,D,A,C,B,4.3,425.28,0.0929
FTV,Fortive,71.53,74,83.33,90,10,0.034530966,0.164965749,0.258213337,7,1,3,2,2,D,C,A,C,2,76.21,0.0654
MNST,"Monster Beverage
",75.73,57,85.09,93,11,-0.247326027,0.123596989,0.228047009,7,5,6,1,2,D,C,C,D,1.4,80.2,0.059
DOV,Dover,105.19,102,117.43,126,8,-0.030326077,0.116360871,0.197832494,7,-28,1,29,2,C,B,D,C,1.5,108.34,0.0299
HUM,Humana,402.37,409,446.07,496,15,0.016477372,0.108606506,0.232696275,7,1,1,0,2,A,A,D,A,8.4,413.89,0.0286
ORLY,O'Reilly Auto,450.77,450,502.08,550,15,-0.001708188,0.113827451,0.220134437,7,-5,4,9,2,C,A,C,B,41.8,461.08,0.0229
GTES,"Gates Industrial
",10.9,12,13.44,16,8,0.100917431,0.233027523,0.467889908,7,-4,0,4,2,B,F,B,D,1.3,11.12,0.0202
UNH,UnitedHealth,306.71,310,348.25,384,16,0.010726745,0.135437384,0.251997,7,0,0,0,2,B,A,F,B,8.4,311.77,0.0165
SPGI,S&P Global,356.45,351,387.8,402,10,-0.015289662,0.087950624,0.127787909,7,2,2,0,2,D,B,B,C,4.9,360.6,0.0116
SRC,"Spirit Realty Capital
",33.96,34,40.86,47,8,0.001177856,0.203180212,0.383981154,7,2,2,0,2,D,F,A,F,1.5,33.75,-0.0062
YUM,Yum! Brands,93.62,85,98.85,108,13,-0.092074343,0.055864132,0.153599658,7,0,0,0,2,D,C,C,D,4.3,91.3,-0.0248
GIS,General Mills,64.72,62,66.63,72,8,-0.042027194,0.029511743,0.112484549,7,0,0,0,2,C,C,D,C,2.1,61.68,-0.047
EA,Electronic Arts,138.3,132,152.14,170,25,-0.045553145,0.100072307,0.229211858,7,2,4,2,2,D,A,D,C,3.8,130.41,-0.057
KLAC,Kla-Tencor,205.94,180,214.46,250,14,-0.125959017,0.041371273,0.213945809,7,0,2,2,2,D,B,C,C,1.4,193.74,-0.0592
REGN,Regeneron,637.53,550,660.92,750,15,-0.1372955,0.03668847,0.176415228,7,-5,1,6,2,C,B,A,B,1.3,559.78,-0.122
DBX,Dropbox,22.15,22,26.88,32,9,-0.006772009,0.213544018,0.44469526,7,-1,1,2,2,D,A,C,B,1.3,19.26,-0.1305
MTDR,"Matador Resources
",9.59,10,12.23,14,12,0.042752868,0.275286757,0.459854015,7,0,0,0,2,A,D,A,B,2,8.26,-0.1387
FOCS,"Focus Financial Partners
",38.49,36,42.29,50,7,-0.064692128,0.098726942,0.299038711,7,0,0,0,2,B,B,C,B,2.4,32.79,-0.1481
IRTC,"Irhythm Technologies
",118.72,180,210.86,250,8,0.516172507,0.77611186,1.105795148,7,2,4,2,3,D,B,B,C,1.4,238.11,1.0056
IMMU,Immunomedics,43.16,40,68.25,88,9,-0.073215941,0.581325301,1.03892493,7,-4,0,4,3,F,C,A,C,1.3,85.03,0.9701
NOVA,"Sunnova Energy International
",21.84,21,28.33,43,9,-0.038461538,0.297161172,0.968864469,7,0,0,0,3,F,D,F,F,2.2,30.41,0.3924
MOS,Mosaic Co,13.41,15,18.27,23,11,0.118568233,0.362416107,0.715137957,7,-2,0,2,3,C,B,A,A,1.2,18.27,0.3624
JAZZ,"Jazz Pharmaceuticals
",110.26,128,171.17,205,13,0.160892436,0.552421549,0.859241792,7,-2,15,17,3,B,C,F,C,1.3,142.59,0.2932
LPSN,Liveperson,40.395,55,63.6,75,11,0.361554648,0.574452284,0.856665429,7,1,1,0,3,F,B,C,D,1.3,51.99,0.287
HUBS,HubSpot,231.17,200,272.53,328,18,-0.134835835,0.178915949,0.41886923,7,1,1,0,3,F,D,D,F,1.4,292.23,0.2641
BKI,Black Knight,73.13,80,89.33,100,9,0.093942295,0.221523315,0.367427868,7,5,6,1,3,D,B,A,C,4.9,87.05,0.1903
MTCH,Match Group,93.37,86,119,150,14,-0.078933276,0.274499304,0.606511728,7,1,2,1,3,C,B,D,C,2.7,110.65,0.1851
WRK,WestRock,29.86,26,34.83,44,7,-0.129269926,0.166443403,0.473543202,7,0,0,0,3,A,C,C,A,5.1,34.74,0.1634
PEGA,Pegasystems,105.46,112,138.44,163,9,0.062014034,0.312725204,0.54560971,7,1,1,0,3,F,C,C,D,3.1,121.04,0.1477
EVH,Evolent Health,10.86,8,14.69,20,9,-0.26335175,0.35267035,0.841620626,7,-2,0,2,3,C,A,C,B,1.4,12.41,0.1427
BLL,Ball,73.18,70,78.38,86,9,-0.043454496,0.071057666,0.175184477,7,-1,3,4,3,D,B,C,B,2,83.12,0.1358
PKI,PerkinElmer,112.02,105,120,139,9,-0.062667381,0.071237279,0.240849848,7,18,18,0,3,C,A,B,B,1.2,125.51,0.1204
FITB,"Fifth Third Bancorp
",19.42,19,23.38,27,9,-0.021627188,0.203913491,0.390319258,7,0,0,0,3,B,D,A,B,1.2,21.32,0.0978
TRMB,"Trimble Navigation
",44.44,46,51.71,56,7,0.03510351,0.163591359,0.260126013,7,-13,3,16,3,C,C,A,C,1.4,48.7,0.0959
PH,Parker Hannifin,184.8,140,212.18,229,11,-0.242424242,0.148160173,0.239177489,7,0,0,0,3,C,A,C,B,1.5,202.34,0.0949
VRNS,Varonis Systems,106.15,91,125.27,145,16,-0.142722562,0.180122468,0.365991521,7,-2,3,5,3,F,D,D,F,1.2,115.42,0.0873
RGA,"Reinsurance Group
",87.57,85,98.43,112,7,-0.02934795,0.124015074,0.278976819,7,0,5,5,3,A,D,D,C,3.3,95.19,0.087
DG,Dollar General,195.15,182,227.94,246,19,-0.067384064,0.168024596,0.260568793,7,4,4,0,3,C,A,A,A,2.4,209.62,0.0741
AMAG,"Amag Pharmaceuticals
",8.77,8,10.25,14,7,-0.087799316,0.168757127,0.596351197,7,-1,0,1,3,D,B,D,C,1.3,9.4,0.0718
RRC,Range Resources,6.21,4,7.62,14,14,-0.355877617,0.22705314,1.254428341,7,2,2,0,3,C,D,A,C,2,6.62,0.066
SWK,"Stanley Black & Decker
",152.31,131,171.7,191,12,-0.139912022,0.127306152,0.254021404,7,-2,1,3,3,C,B,A,B,2,162.2,0.0649
TREX,Trex Company,67.89,74,133.91,156,11,0.089998527,0.972455443,1.297834733,7,0,0,0,3,F,A,A,B,15.7,71.6,0.0546
GWW,WW Grainger,338.95,256,354.27,416,11,-0.244726361,0.045198407,0.227319664,7,0,1,1,3,C,B,C,B,1.3,356.77,0.0526
PGR,Progressive,90.14,83,99,115,10,-0.079210118,0.098291546,0.275793211,7,4,4,0,3,B,B,C,B,1.4,94.67,0.0503
GLPI,"Gaming and Leisure
",35.21,37,41,50,9,0.05083783,0.16444192,0.420051122,7,0,0,0,3,C,F,B,D,1.1,36.93,0.0488
A,Agilent,96.35,100,103.14,110,8,0.037882719,0.070472237,0.141670991,7,-10,4,14,3,D,C,A,C,2,100.94,0.0476
WM,"Waste Management
",108.21,106,117.55,128,11,-0.020423251,0.086313649,0.182885131,7,-21,0,21,3,C,C,B,B,2.7,113.17,0.0458
CMA,Comerica,36.66,36,42.56,50,12,-0.018003273,0.160938352,0.363884343,7,1,3,2,3,D,F,D,F,1.2,38.25,0.0434
AXP,"American Express
",96.54,80,101.53,127,17,-0.171327947,0.051688419,0.315516884,7,0,0,0,3,B,D,D,C,1.2,100.25,0.0384
SAFM,Sanderson Farms,113.65,120,141.6,159,8,0.055873295,0.245930488,0.399032116,7,0,4,4,3,C,A,A,A,1.2,117.97,0.038
LSTR,Landstar System,120.95,70,119.89,140,10,-0.42124845,-0.008763952,0.1575031,7,0,0,0,3,B,A,A,A,13.9,125.49,0.0375
EXAS,Exact Sciences,98.98,107,117,135,11,0.08102647,0.182056981,0.363911901,7,-2,0,2,3,D,D,F,F,1.3,101.95,0.03
BL,BlackLine,87.38,71,89.43,95,7,-0.187457084,0.023460746,0.08720531,7,0,0,0,3,F,B,D,C,1.4,89.63,0.0257
ADI,Analog Devices,113.88,100,137.27,155,17,-0.121882684,0.20539164,0.361081841,7,0,1,1,3,D,C,B,C,1.4,116.74,0.0251
CACI,"Caci International
",208.14,230,286,325,9,0.105025464,0.374075142,0.561449025,7,0,1,1,3,B,A,B,A,4.1,213.16,0.0241
CDAY,"Ceridian HCM Holding
",80.71,60,83.75,100,13,-0.256597695,0.037665717,0.239003841,7,-13,0,13,3,F,B,B,C,1.4,82.65,0.024
DD,"DuPont de Nemours
",54.43,55,65.63,75,8,0.010472166,0.205768877,0.37791659,7,4,4,0,3,C,B,A,B,2.5,55.48,0.0193
AVNT,Avient,26.13,29,32.67,39,7,0.109835438,0.250287026,0.492537313,7,-1,0,1,3,B,D,A,B,2.5,26.46,0.0126
LULU,"Lululemon Athletica
",326.72,228,379.07,449,28,-0.30215475,0.160228942,0.374265426,7,2,4,2,3,F,B,D,D,1.3,329.37,0.0081
BMY,Bristol Myers,59.85,64,69.4,80,8,0.069340017,0.159565581,0.336675021,7,0,0,0,3,B,B,C,A,1.3,60.29,0.0074
BRO,Brown & Brown,44.96,44,47.5,53,7,-0.021352313,0.056494662,0.178825623,7,0,0,0,3,D,B,B,C,2,45.27,0.0069
CTVA,Corteva,28.66,28,30.14,34,7,-0.023028611,0.051639916,0.186322401,7,-4,1,5,3,B,B,B,A,1.1,28.81,0.0052
DNB,"Dun & Bradstreet Holdings
",25.69,24,28.92,31,13,-0.065784352,0.125729856,0.206695212,7,0,1,1,3,D,C,D,D,4.9,25.66,-0.0012
D,Dominion Energy,79.55,68,80.33,92,14,-0.145191703,0.009805154,0.156505343,7,0,0,0,3,D,C,D,D,1.3,78.93,-0.0078
BAC,Bank of America,24.31,23,26.29,31,12,-0.053887289,0.081447964,0.275195393,7,0,0,0,3,C,F,C,F,1.2,24.09,-0.009
MCHP,Microchip,104.49,110,122.75,130,12,0.052732319,0.174753565,0.244138195,7,-5,0,5,3,C,B,C,B,1.4,102.76,-0.0166
LHX,"L3Harris Technologies
",173.34,205,236.43,258,7,0.182646821,0.363966771,0.488404292,7,-4,0,4,3,C,B,A,B,1.2,169.84,-0.0202
DAN,Dana Holding,12.77,13,15.86,18,9,0.018010963,0.241973375,0.409553641,7,7,7,0,3,A,D,D,C,2.9,12.32,-0.0352
MCK,McKesson,156.25,166,186,204,9,0.0624,0.1904,0.3056,7,3,4,1,3,A,D,B,B,2.1,148.93,-0.0468
PDCO,"Patterson Companies
",25.65,19,24.13,31,8,-0.259259259,-0.059259259,0.208576998,7,0,0,0,3,B,C,D,B,2.1,24.105,-0.0602
GOOGL,"Alphabet Class A
",1564.85,1500,1776,1990,33,-0.041441672,0.134933061,0.271687382,7,-8,2,10,3,C,B,A,B,1.3,1465.6,-0.0634
OSK,Oshkosh,79.19,82,88.78,96,9,0.035484278,0.121101149,0.212274277,7,0,0,0,3,B,F,A,C,2.9,73.5,-0.0719
HQY,Healthequity,56.32,60,66.2,70,7,0.065340909,0.175426136,0.242897727,7,4,4,0,3,D,B,A,C,1.4,51.37,-0.0879
KDP,"Keurig Dr Pepper
",30.3,31,34.27,40,11,0.02310231,0.131023102,0.320132013,7,1,1,0,3,C,B,B,B,1.4,27.6,-0.0891
SIRI,"Sirius XM Holdings
",5.94,5.5,6.91,7.5,9,-0.074074074,0.163299663,0.262626263,7,0,1,1,3,C,B,D,B,3.3,5.36,-0.0976
PS,Pluralsight,19.15,20,24.11,26,10,0.044386423,0.259007833,0.35770235,7,3,6,3,3,F,C,C,D,1.5,17.13,-0.1055
MKSI,MKS Instruments,122.42,120,147.89,185,9,-0.019768012,0.20805424,0.511190982,7,1,1,0,3,C,B,B,B,6.1,109.23,-0.1077
JNPR,"Juniper Networks
",24.49,19,25.15,28,10,-0.224173132,0.026949775,0.143323806,7,-2,1,3,3,B,D,C,C,1.2,21.5,-0.1221
MXL,Maxlinear,26.65,27,32.75,40,10,0.013133208,0.228893058,0.500938086,7,-4,0,4,3,D,D,B,D,1.4,23.24,-0.128
KSS,Kohl's,21.46,14,19.25,27,9,-0.347623486,-0.102982293,0.258154706,7,0,0,0,3,A,C,A,A,2,18.53,-0.1365
KHC,Kraft Heinz,34.9,30,35.71,40,15,-0.140401146,0.023209169,0.146131805,7,-2,6,8,3,B,B,D,A,2.1,29.95,-0.1418
BDX,"Becton Dickinson
",273.44,270,283.67,300,8,-0.012580456,0.037412229,0.097132826,7,-8,2,10,3,C,B,F,C,2.1,232.68,-0.1491
APO,"Apollo Global Management
",53.19,45,55,65,13,-0.153976311,0.034028953,0.222034217,7,-3,1,4,3,C,D,B,C,2.4,44.75,-0.1587
LNC,"Lincoln National
",37.59,35,42.25,50,8,-0.068901304,0.123969141,0.330140995,7,0,0,0,3,B,F,C,C,3.3,31.33,-0.1665
CTXS,Citrix Systems,167.15,145,166.57,189,10,-0.132515704,-0.003469937,0.130720909,7,2,2,0,3,C,A,C,B,3.1,137.71,-0.1761
CXO,"Concho Resources
",53.88,63,72.44,99,17,0.169265033,0.344469191,0.837416481,7,-1,0,1,3,A,B,F,B,2,44.12,-0.1811
SLB,Schlumberger,19.17,18.1,23.73,28,16,-0.05581638,0.237871674,0.460615545,7,-9,2,11,3,C,B,A,B,2.7,15.56,-0.1883
BKR,"Baker Hughes Company
",16.46,18,20.67,26,13,0.093560146,0.255771567,0.579586877,7,3,3,0,3,B,C,C,B,2.7,13.29,-0.1926
PSX,Phillips 66,65.25,73,81.92,100,14,0.118773946,0.255478927,0.53256705,7,0,0,0,3,B,C,F,C,1.2,51.84,-0.2055
NBL,Noble Energy,10.86,10,11.99,18,15,-0.079189687,0.104051565,0.657458564,7,2,2,0,3,C,F,B,D,2,8.55,-0.2127
ALRM,Alarm,72.84,55,67.5,79,7,-0.244920373,-0.073311367,0.084568918,7,-2,1,3,3,D,A,B,B,1.3,55.25,-0.2415
COF,"Capital One Financial
",64.05,66,79.2,105,11,0.030444965,0.236533958,0.639344262,7,0,0,0,4,B,F,B,C,2.7,71.86,0.1219
FSLY,Fastly,83.57,58,92.38,110,12,-0.305971042,0.105420605,0.316261816,7,-8,2,10,4,F,C,D,F,1.4,93.68,0.121
MDGL,"Madrigal Pharmaceuticals
",110.02,114,178.89,230,9,0.036175241,0.625977095,1.090528995,7,-3,0,3,4,C,C,D,D,1.3,118.73,0.0792
HON,"Honeywell International
",154.61,144,164.83,190,14,-0.06862428,0.066101805,0.228898519,7,-3,0,3,4,C,C,C,C,3.9,164.61,0.0647
AAXN,Axon Enterprise,89.12,90,101,112,8,0.009874327,0.133303411,0.256732496,7,-2,0,2,4,F,F,B,F,1.3,90.7,0.0177
LVS,Las Vegas Sands,46.84,50,58.64,65,11,0.067463706,0.251921435,0.387702818,7,-4,2,6,4,D,F,F,F,2.5,46.66,-0.0038
LPLA,LPL Financial,76.99,79,96.07,118.5,7,0.026107287,0.247824393,0.53916093,7,-1,0,1,4,B,C,B,B,2.3,76.67,-0.0042
VOYA,Voya Financial,49.24,53,59.63,66,8,0.076360682,0.211007311,0.34037368,7,0,0,0,4,B,D,C,D,3.3,47.93,-0.0266
QTS,QTS Realty,67.9,68,75.5,80,11,0.001472754,0.111929308,0.17820324,7,0,0,0,4,D,C,C,D,1.1,63.02,-0.0719
EXC,Exelon,38.985,36,45.86,58,8,-0.076567911,0.176349878,0.487751699,7,0,0,0,4,A,C,B,B,1.3,35.76,-0.0827
BAX,"Baxter International
",89.2,90,96.86,100,10,0.00896861,0.085874439,0.121076233,7,3,5,2,4,B,B,A,B,1.4,80.42,-0.0984
TREE,Lendingtree,355.42,280,356.29,400,7,-0.212199651,0.002447808,0.12542907,7,0,0,0,4,F,A,B,C,2.9,306.89,-0.1365
FLXN,"Flexion Therapeutics
",13.17,15,22,35,9,0.138952164,0.670463174,1.657555049,7,-3,3,6,4,F,C,A,D,1.3,10.41,-0.2096
CNST,"Constellation Pharmaceuticals
",28.35,20,42.29,75,8,-0.294532628,0.491710758,1.645502646,7,-4,1,5,4,D,C,C,D,1.3,20.26,-0.2854
BMRN,"BioMarin Pharmaceutical
",127.58,77,111.13,188,24,-0.396457125,-0.128938705,0.473585201,7,-4,1,5,4,D,A,B,B,1.3,76.08,-0.4037
OLN,Olin,12.05,10,12.75,17,8,-0.170124481,0.058091286,0.410788382,7,3,3,0,5,B,C,A,A,2.5,12.38,0.0274
WBA,"Walgreens Boots Alliance
",40.69,37,41,45,12,-0.090685672,0.00761858,0.105922831,7,-5,0,5,5,A,B,F,B,1.1,35.92,-0.1172
VKTX,"Viking Therapeutics
",6.81,12,15.43,21,9,0.762114537,1.265785609,2.083700441,7,-2,0,2,,,,,,1.3,5.82,-0.1454
BTAI,"Bioxcel Therapeutics
",64.63,63,113.57,175,7,-0.025220486,0.757233483,1.707720873,7,-6,0,6,,,,,,1.3,43.36,-0.3291
BJRI,"BJ's Restaurants
",18.79,18,26.58,39,13,-0.04204364,0.414582225,1.075572113,6,0,0,0,1,C,F,F,F,4.3,29.44,0.5668
JELD,JELD-WEN,19.01,14.5,21.55,27,12,-0.237243556,0.133613887,0.420305103,6,-1,0,1,1,B,B,F,B,15.7,22.6,0.1888
BERY,"Berry Global Group
",47.34,55,60.5,65,11,0.161808196,0.277989016,0.37304605,6,0,0,0,1,B,B,B,A,8.4,48.32,0.0207
AEIS,"Advanced Energy Industries
",71.04,66,83.5,90,7,-0.070945946,0.175394144,0.266891892,6,12,12,0,1,D,D,B,D,8.4,62.94,-0.114
UPS,United Parcel,118.72,66,140.54,176,15,-0.444070081,0.183793801,0.482479784,6,3,3,0,2,C,B,A,B,41.8,166.63,0.4036
WHR,Whirlpool,146.89,122,157.86,200,8,-0.169446525,0.074681735,0.361563074,6,-1,3,4,2,A,C,A,A,2.8,183.89,0.2519
FCX,"Freeport-McMoRan
",13.62,11.5,15.82,23,11,-0.155653451,0.161527166,0.688693098,6,4,4,0,2,C,C,A,B,2.3,15.64,0.1483
AMED,Amedisys,215.05,245,258,290,12,0.139269937,0.199720995,0.348523599,6,-2,0,2,2,D,A,B,B,6.3,236.43,0.0994
GLW,Corning,29.6,26,32.07,39,8,-0.121621622,0.083445946,0.317567568,6,0,0,0,2,C,D,B,D,2.2,32.41,0.0949
MIME,Mimecast,43.29,48,57.86,77,14,0.108801109,0.336567337,0.778701779,6,0,0,0,2,F,A,B,B,1.4,46.92,0.0839
URI,United Rentals,162.75,110,161.88,200,9,-0.324116743,-0.005345622,0.228878648,6,1,1,0,2,A,C,F,B,10,174.5,0.0722
MTZ,MasTec,41.88,48,56.29,78,7,0.146131805,0.344078319,0.862464183,6,3,4,1,2,A,A,D,A,5.2,42.2,0.0076
SAIA,Saia,126.46,66,124.88,150,8,-0.478095841,-0.012494069,0.186145817,6,-3,0,3,2,B,B,A,A,13.9,126.14,-0.0025
CFG,"Citizens Financial
",25.51,25,30.55,35,11,-0.01999216,0.197569581,0.372010976,6,0,3,3,2,A,F,A,C,2.7,25.28,-0.009
HL,"Hecla Mining Company
",5.33,3.5,6.53,11,8,-0.343339587,0.225140713,1.063789869,6,0,0,0,2,D,B,D,D,3.1,5.08,-0.0469
ROP,"Roper Technologies
",418.23,300,424.75,490,10,-0.282691342,0.015589508,0.171604141,6,-10,0,10,2,D,D,A,D,1.5,395.11,-0.0553
TAP,Molson Coors,35.8,31,42.7,55,10,-0.134078212,0.19273743,0.536312849,6,-6,1,7,2,A,B,D,A,3.8,33.56,-0.0626
KNX,"Knight Transportation
",45.15,42,51.31,62,14,-0.069767442,0.136434109,0.373200443,6,0,0,0,2,A,C,B,A,13.9,40.7,-0.0986
GBT,"Global Blood Therapeutics
",72.11,60,113.08,152,14,-0.167937873,0.568159756,1.107890723,6,-13,0,13,2,F,F,F,F,1.3,55.14,-0.2353
CVNA,Carvana Co,149.19,105,190.8,250,16,-0.296199477,0.278906093,0.675715531,6,0,2,2,3,F,C,A,D,2.7,223.06,0.4951
SAGE,"SAGE Therapeutics
",47.35,53,69.82,87,14,0.119324182,0.474551214,0.837381204,6,-9,2,11,3,F,F,C,F,1.3,61.12,0.2908
PVH,PVH,49.44,35,61.91,87,11,-0.292071197,0.252224919,0.759708738,6,0,2,2,3,B,B,D,B,1.3,59.64,0.2063
MDRX,Allscripts,6.98,5.5,9.55,13,12,-0.212034384,0.368194842,0.862464183,6,0,0,0,3,B,B,B,A,1.4,8.14,0.1662
PPD,PPD,31.94,35,37.1,40,10,0.095804634,0.161552912,0.252348153,6,0,0,0,3,D,C,A,C,1.4,36.99,0.1581
SYF,"Synchrony Financial
",22.92,20,27.35,40,13,-0.127399651,0.193280977,0.745200698,6,-1,0,1,3,A,D,A,B,1.2,26.17,0.1418
XNCR,Xencor,34.39,21,43,52,8,-0.389357371,0.250363478,0.512067461,6,0,0,0,3,D,D,B,D,1.3,38.79,0.1279
FND,"Floor & Decor Holdings
",66.78,65,77.64,85,14,-0.026654687,0.16262354,0.272836178,6,0,0,0,3,D,B,A,B,15.7,74.8,0.1201
FL,Foot Locker,29.69,29,33.8,40,15,-0.023240148,0.138430448,0.347254968,6,2,2,0,3,A,A,B,A,2,33.03,0.1125
MCD,McDonald's,198.62,195,218.67,245,21,-0.018225758,0.100946531,0.233511227,6,-5,1,6,3,D,F,B,F,4.3,219.49,0.1051
CPRI,Capri Holdings,16.38,15,19.13,25,10,-0.084249084,0.167887668,0.526251526,6,2,2,0,3,C,C,A,C,2,18,0.0989
CCK,Crown Holdings,70.75,71,80.88,87,9,0.003533569,0.143180212,0.229681979,6,0,0,0,3,B,A,D,A,2,76.86,0.0864
SIVB,"Svb Financial Group
",222,160,261.92,299,13,-0.279279279,0.17981982,0.346846847,6,0,0,0,3,D,D,A,C,2,240.62,0.0839
IVZ,Invesco,10.53,4.5,9.7,11,11,-0.572649573,-0.078822412,0.044634378,6,-3,0,3,3,A,D,F,C,2.4,11.41,0.0836
NET,Cloudflare,38.04,42,48.25,55,12,0.104100946,0.268401682,0.445846477,6,-4,3,7,3,F,B,D,D,1.4,41.06,0.0794
TTWO,Take-Two,154.05,137,187.28,210,19,-0.110678351,0.215709185,0.363193768,6,1,1,0,3,D,A,C,B,3.8,165.22,0.0725
ZEN,Zendesk,95.97,90,111,123,15,-0.06220694,0.156611441,0.281650516,6,3,8,5,3,F,D,B,D,1.4,102.92,0.0724
EGP,"Eastgroup Properties
",121.11,130,135.86,144,7,0.073404343,0.121790108,0.189001734,6,-1,1,2,3,D,C,A,C,1.1,129.33,0.0679
SWKS,"Skyworks Solutions
",136.3,126,148.45,175,23,-0.075568599,0.089141599,0.283932502,6,-2,0,2,3,C,C,A,C,1.2,145.5,0.0675
CSX,CSX,73.26,52,79.33,93,18,-0.29019929,0.082855583,0.269451269,6,0,0,0,3,C,D,D,D,1.3,77.67,0.0602
MRK,Merck & Company,78.78,84,95.63,105,9,0.066260472,0.213886773,0.33282559,6,-3,3,6,3,B,B,B,A,2,82.95,0.0529
ECHO,"Echo Global Logistics
",24.48,21,27.67,35,9,-0.142156863,0.130310458,0.429738562,6,0,0,0,3,A,A,C,A,2.3,25.77,0.0527
TXT,Textron,34.35,33,43,52,7,-0.03930131,0.251819505,0.513828239,6,0,0,0,3,A,C,D,B,1.2,36.09,0.0507
APH,Amphenol,103.27,95,117.86,140,8,-0.08008134,0.141280139,0.355669604,6,2,2,0,3,C,B,A,B,2,108.27,0.0484
PAYC,Paycom,298.06,220,290.6,345,10,-0.261893578,-0.025028518,0.15748507,6,0,0,0,3,D,D,D,F,1.4,311.3,0.0444
XPO,XPO Logistics,81.54,75,93,119,10,-0.080206034,0.140544518,0.459406426,6,2,5,3,3,B,C,C,B,2.3,84.66,0.0383
EQIX,Equinix,735.52,700,831.25,893,17,-0.048292365,0.130152817,0.214107026,6,0,1,1,3,D,C,B,D,1,760.13,0.0335
EW,"Edwards Lifesciences
",77.91,68,87.69,95,14,-0.127198049,0.125529457,0.219355667,6,0,9,9,3,C,B,D,C,1.5,79.82,0.0245
ZBH,"Zimmer Biomet Holdings
",133.09,99,149.67,174,19,-0.25614246,0.124577354,0.307385979,6,0,1,1,3,C,F,A,D,1.4,136.14,0.0229
GRUB,GrubHub,70.77,70,74.33,79,8,-0.010880317,0.050303801,0.116292214,6,2,2,0,3,D,B,B,B,1,72.33,0.022
ALB,Albemarle,87.69,60,84.27,115,11,-0.315771468,-0.039001026,0.31143802,6,4,4,0,3,C,F,F,F,2.5,89.28,0.0181
HCAT,Health Catalyst,36.07,34,38.5,43,7,-0.057388411,0.067369005,0.192126421,6,-8,3,11,3,D,C,D,D,1.4,36.6,0.0147
DLR,Digital Realty,144.87,139,166.79,186,16,-0.040519086,0.151308069,0.283909712,6,0,0,0,3,D,C,F,F,1.1,146.76,0.013
BIIB,Biogen,280.81,228,314.43,392,28,-0.188063103,0.119725081,0.395961682,6,-3,0,3,3,A,A,D,A,1.3,283.68,0.0102
DTE,DTE Energy,114.45,115,122.67,131,7,0.004805592,0.071821756,0.144604631,6,2,5,3,3,C,C,D,C,1.3,115.04,0.0052
NEO,NeoGenomics,36.77,34,41.5,46,8,-0.075333152,0.128637476,0.251019853,6,3,3,0,3,D,D,B,D,1.3,36.89,0.0033
PCAR,Paccar,85.25,67,90.45,108,11,-0.214076246,0.060997067,0.26686217,6,0,0,0,3,B,B,A,A,2.8,85.28,0.0004
GPN,Global Payments,177.8,165,202.64,247,14,-0.071991001,0.139707537,0.38920135,6,-6,0,6,3,D,C,D,D,3.3,177.58,-0.0012
WING,Wingstop,136.98,120,157.17,182,16,-0.123959702,0.14739378,0.328661118,6,-1,1,2,3,F,A,A,B,4.3,136.65,-0.0024
KIM,Kimco Realty,11.29,11,13.8,16,11,-0.025686448,0.222320638,0.417183348,6,-2,0,2,3,C,F,F,F,1,11.26,-0.0027
MMC,"Marsh & Mclennan Companies
",115.51,113,123.25,135,12,-0.02172972,0.067007186,0.16872998,6,0,0,0,3,D,A,A,B,2,114.7,-0.007
MASI,Masimo,240.32,250,255,260,7,0.040279627,0.06108522,0.081890812,6,4,6,2,3,D,B,A,B,1.5,236.06,-0.0177
LIN,Linde,245.34,217.91,274.77,320,14,-0.111804027,0.119955979,0.304312383,6,0,0,0,3,C,B,C,C,2.7,238.13,-0.0294
PRU,"Prudential Financial
",65.47,58,66.13,72,9,-0.11409806,0.010080953,0.099740339,6,0,0,0,3,A,F,C,C,2,63.52,-0.0298
CNP,"Centerpoint Energy
",20.01,17,20.75,23,8,-0.150424788,0.036981509,0.149425287,6,-3,0,3,3,B,D,C,C,1.3,19.35,-0.033
STT,State Street,61.4,64,71.88,83,8,0.042345277,0.170684039,0.351791531,6,0,0,0,3,C,D,B,C,1.2,59.33,-0.0337
IQV,IQVIA Holdings,164.29,140,182,204,14,-0.147848317,0.107797188,0.241706738,6,-9,0,9,3,C,B,D,C,1.5,157.63,-0.0405
K,Kellogg,67.46,54,72.33,79,12,-0.199525645,0.072190928,0.171064334,6,6,6,0,3,B,A,D,B,2.1,64.59,-0.0425
COR,Coresite Realty,124.42,110,129.38,141,8,-0.115897766,0.039864973,0.133258319,6,2,2,0,3,D,B,B,C,1.1,118.88,-0.0445
RL,Ralph Lauren,71.36,61,76.94,90,9,-0.145179372,0.078195067,0.261210762,6,-3,0,3,3,C,F,A,D,1.3,67.97,-0.0475
IBM,"International Business Machines
",128.67,115,139.36,155,12,-0.106240771,0.083080749,0.204632004,6,-4,0,4,3,A,C,C,B,3.1,121.67,-0.0544
FDS,"Factset Research
",354.51,237,283.86,310,9,-0.331471609,-0.19928916,-0.125553581,6,3,3,0,3,D,A,A,B,4.9,334.88,-0.0554
ADP,"Automatic Data Processing
",147.68,135,144.5,151,7,-0.085861322,-0.021533044,0.02248104,6,2,2,0,3,C,B,D,C,4.3,139.49,-0.0555
TROW,T Rowe Price,136.2,125,142.9,160,10,-0.082232012,0.049192364,0.174743025,6,6,6,0,3,C,B,A,B,2.4,128.22,-0.0586
CLDR,Cloudera,11.7,9,14.5,19,11,-0.230769231,0.239316239,0.623931624,6,-6,1,7,3,F,B,A,C,1.4,10.89,-0.0692
EWBC,"East West Bancorp
",35.36,33,39.86,47,7,-0.066742081,0.127262443,0.32918552,6,0,0,0,3,A,F,A,B,2,32.74,-0.0741
CLX,Clorox,227.55,189,223.33,269,9,-0.169413316,-0.018545375,0.182157768,6,12,12,0,3,D,A,D,B,2.4,210.17,-0.0764
ALNY,Alnylam Pharma,157.98,90,171.58,225,12,-0.430307634,0.086086846,0.424230915,6,-2,2,4,3,F,B,D,D,1.3,145.6,-0.0784
ESS,Essex Property,220.83,215,234.33,257,10,-0.026400398,0.061132998,0.163791152,6,-3,0,3,3,D,D,F,F,1.5,200.79,-0.0907
RCKT,"Rocket Pharmaceuticals
",25.32,33,36.33,43,8,0.303317536,0.434834123,0.698262243,6,-10,2,12,3,D,F,A,D,1.3,22.86,-0.0972
MTSI,"MACOM Technology Solutions Holdings
",37.73,35,43.38,53,8,-0.072356215,0.149748211,0.404717731,6,0,0,0,3,F,A,A,B,1.4,34.01,-0.0986
LYFT,Lyft,30.84,30,42.37,66,22,-0.027237354,0.37386511,1.140077821,6,-9,1,10,3,F,D,F,F,1.3,27.55,-0.1067
UTHR,"United Therapeutics
",113.53,125,155.63,247,8,0.101030565,0.370827094,1.175636396,6,0,4,4,3,C,F,A,D,1.3,101,-0.1104
PZZA,"Papa John's International
",94.5,95,106.67,115,10,0.005291005,0.128783069,0.216931217,6,0,0,0,3,D,A,A,A,4.3,82.28,-0.1293
WPX,WPX Energy,6.15,7,9.1,12,13,0.138211382,0.479674797,0.951219512,6,0,1,1,3,A,B,F,B,2,4.9,-0.2033
CNK,"Cinemark Holdings
",12.65,12,16.82,23,11,-0.051383399,0.329644269,0.818181818,6,0,0,0,3,B,F,C,D,1,10,-0.2095
PRO,PROS Holdings,40.68,30,47.14,80,7,-0.262536873,0.158800393,0.966568338,6,2,3,1,3,F,C,D,D,3.1,31.94,-0.2148
AAOI,"Applied Optoelectronics
",14.39,10,16.43,22,7,-0.305072967,0.141765115,0.528839472,6,12,12,0,3,D,D,F,F,2.9,11.25,-0.2182
PTEN,Patterson-UTI,3.665,2,3.98,6,10,-0.454297408,0.085948158,0.637107776,6,1,1,0,3,A,C,D,A,2,2.85,-0.2224
SHO,Sunstone Hotel,7.5,6,9,12,7,-0.2,0.2,0.6,6,0,0,0,4,C,F,F,F,1.1,7.94,0.0587
PPL,PPL,26.16,29,30.07,31,8,0.108562691,0.149464832,0.185015291,6,0,0,0,4,B,D,B,C,1.3,27.21,0.0401
TW,"Tradeweb Markets
",56.35,56,60.36,66,7,-0.00621118,0.071162378,0.171251109,6,4,4,0,4,D,A,C,C,2.3,58,0.0293
CERN,Cerner,72.06,62,78.29,88,7,-0.139605884,0.086455731,0.221204552,6,2,2,0,4,B,B,D,B,1.4,72.29,0.0032
HST,"Host Hotels & Resorts
",10.87,8,13.17,20,13,-0.264029439,0.211591536,0.839926403,6,0,0,0,4,C,F,F,F,1.1,10.79,-0.0074
BRX,"Brixmor Property
",11.79,11,13.43,18,7,-0.067005937,0.139100933,0.526717557,6,0,0,0,4,B,D,D,D,1,11.69,-0.0085
PCG,PG&E,9.5,11,13.06,14.5,12,0.157894737,0.374736842,0.526315789,6,-1,0,1,4,B,B,B,A,1.3,9.39,-0.0116
ADS,"Alliance Data Systems
",42.57,45,62.5,87,7,0.057082452,0.468170073,1.043692741,6,-5,0,5,4,A,D,A,A,3.3,41.98,-0.0139
PTCT,"PTC Therapeutics
",47.46,45,61.29,86,8,-0.051833123,0.291403287,0.812052255,6,-8,2,10,4,D,D,C,F,1.3,46.75,-0.015
CHH,Choice Hotels,88.07,77,88.7,104,10,-0.12569547,0.007153401,0.180878846,6,0,0,0,4,D,C,A,C,1.1,85.96,-0.024
RNG,RingCentral,281.83,280,339.05,375,20,-0.006493276,0.203030196,0.330589362,6,-1,2,3,4,F,B,C,D,1.1,274.61,-0.0256
SLG,SL Green Realty,49.77,47,57.2,75,7,-0.055656018,0.149286719,0.506931887,6,1,2,1,4,B,C,B,B,1.1,46.37,-0.0683
BA,Boeing,179.79,149,186.24,270,18,-0.171255353,0.035875188,0.501752044,6,3,3,0,4,F,F,D,F,1.2,165.26,-0.0808
MKTX,"Marketaxess Holdings
",527.11,492,534.71,600,8,-0.066608488,0.014418243,0.138282332,6,3,3,0,4,F,A,A,B,2,481.59,-0.0864
SMTC,Semtech,52.525,54,66.67,72,10,0.028081866,0.269300333,0.370775821,6,-2,0,2,5,F,B,B,D,1.4,52.96,0.0083
MU,Micron,51.65,35,62.43,100,24,-0.322362052,0.208712488,0.936108422,6,-5,0,5,5,A,A,C,A,1,46.96,-0.0908
WDC,Western Digital,43.96,40,53.1,90,20,-0.090081893,0.207916288,1.047315742,6,-3,0,3,5,B,B,A,A,1.1,36.55,-0.1686
LVGO,Livongo Health,110.56,70,113.2,150,12,-0.366859624,0.023878437,0.356729378,6,-7,3,10,,,,,,1.4,140.05,0.2667
BMCH,"BMC Stock Holdings
",26.11,33,39.33,49,8,0.26388357,0.506319418,0.876675603,5,-4,0,4,1,C,A,B,A,13.9,42.83,0.6404
SAM,Boston Beer,664.13,440,829.82,1015,11,-0.337479108,0.249484288,0.528315239,5,4,4,0,1,F,A,A,D,3.8,883.36,0.3301
ASH,Ashland,78.6,75,87.44,106,9,-0.045801527,0.112468193,0.348600509,5,0,0,0,1,F,C,D,D,2.2,70.92,-0.0977
GRPN,Groupon,16.82,19,28.14,36,7,0.12960761,0.673008323,1.140309156,5,-5,0,5,2,A,B,A,A,2.7,20.4,0.2128
ALLY,Ally Financial,21.49,23.5,28.85,34,10,0.093531875,0.342484877,0.582131224,5,-2,0,2,2,A,F,B,D,2.7,25.07,0.1666
HUN,Huntsman,19.47,17,23.33,29,14,-0.126861839,0.198253724,0.489470981,5,0,0,0,2,B,D,A,C,2.5,22.21,0.1407
WY,Weyerhaeuser,26.11,28,31.57,35,8,0.072386059,0.209115282,0.340482574,5,2,2,0,2,D,D,A,D,15.7,28.52,0.0923
GMED,Globus Medical,47.7,55,60.27,65,11,0.153039832,0.263522013,0.362683438,5,0,0,0,2,C,F,B,D,1.5,49.52,0.0382
DRE,Duke Realty,37.19,34,41.75,45,8,-0.085775746,0.122613606,0.210002689,5,-1,0,1,2,F,D,C,F,1.1,36.9,-0.0078
RARE,"Ultragenyx Pharmaceutical
",82.95,64,87.27,99,11,-0.228450874,0.052079566,0.193490054,5,-1,0,1,2,F,C,D,D,1.3,82.19,-0.0092
QTWO,Q2 Holdings,94.35,95,111.82,125,12,0.006889242,0.185161632,0.324854266,5,-1,2,3,2,F,C,A,D,5.1,91.26,-0.0328
EGHT,8X8,16.71,12,20.56,29,9,-0.281867145,0.230400958,0.735487732,5,0,0,0,2,F,D,C,F,1.4,15.55,-0.0694
DISH,Dish Network,33.55,25,36.86,50,8,-0.254843517,0.098658718,0.490312966,5,-2,0,2,2,A,C,D,B,2,29.03,-0.1347
LB,L Brands,19.41,15,30.74,40,19,-0.227202473,0.583719732,1.060793405,5,0,0,0,3,A,A,B,A,2,31.81,0.6388
BYD,Boyd Gaming,22.4,23,30,40,10,0.026785714,0.339285714,0.785714286,5,-1,1,2,3,B,F,F,F,2.5,30.69,0.3701
APPN,Appian,50.56,38,49.33,57,7,-0.248417722,-0.024327532,0.127373418,5,3,3,0,3,F,A,C,C,1.4,64.75,0.2807
TXRH,Texas Roadhouse,51.04,52,60.82,71,17,0.018808777,0.19161442,0.391065831,5,1,1,0,3,C,C,B,B,4.3,60.79,0.191
ELAN,"Elanco Animal Health
",23.47,26.5,28.25,31,8,0.12910098,0.203664252,0.320835109,5,4,6,2,3,D,C,F,F,6.3,27.93,0.19
PODD,Insulet,203.28,210,239.69,260,14,0.033057851,0.179112554,0.279024006,5,2,2,0,3,D,A,A,B,1.4,236.59,0.1639
WLK,"Westlake Chemical
",54.95,30,58.89,85,9,-0.454049136,0.071701547,0.546860783,5,0,0,0,3,B,C,B,B,2.7,63.22,0.1505
MPWR,"Monolithic Power
",249.26,270,285.25,310,8,0.083206291,0.144387387,0.243681297,5,-3,4,7,3,F,A,A,B,1.4,279.61,0.1218
MRVL,Marvell,36.01,30,41.24,50,22,-0.166898084,0.145237434,0.388503194,5,2,2,0,3,D,C,B,C,1.2,39.7,0.1025
PG,"Procter & Gamble
",126.14,125,141.08,153,12,-0.009037577,0.118439829,0.212938005,5,2,2,0,3,D,A,C,B,2.4,138.99,0.1019
CHD,Church & Dwight,85.14,74,94.75,111,13,-0.130843317,0.112872915,0.303735025,5,-3,2,5,3,D,A,C,B,2.4,93.71,0.1007
DELL,"Dell Technologies
",61.76,54,66.42,80,13,-0.125647668,0.075453368,0.295336788,5,7,7,0,3,A,B,A,A,2,67.69,0.096
RPD,Rapid7,56.77,60,71,80,11,0.056896248,0.25066056,0.409194997,5,-5,1,6,3,F,C,B,D,1.4,61.24,0.0787
IEX,IDEX,169.34,171,190.29,215,9,0.009802764,0.123715602,0.269635054,5,1,2,1,3,D,B,A,B,1.5,182.41,0.0772
HLT,"Hilton Worldwide Holdings
",79.62,72,89.75,125,12,-0.095704597,0.127229339,0.569957297,5,-3,0,3,3,D,B,A,B,1.1,85.32,0.0716
AQUA,"Evoqua Water Technologies
",19.82,20,22.67,26,7,0.009081736,0.143794147,0.311806256,5,12,15,3,3,C,A,B,A,1.5,21.22,0.0706
ATUS,Altice Usa,24.35,28,34.89,41,10,0.149897331,0.432854209,0.683778234,5,0,0,0,3,B,B,A,A,2.2,26,0.0678
VMC,"Vulcan Materials
",127.15,120,136.64,151,12,-0.056232796,0.074636256,0.187573732,5,0,0,0,3,C,B,F,C,9,135.54,0.066
ITW,"Illinois Tool Works
",182.62,162,186.42,205,12,-0.112912058,0.020808236,0.122549556,5,-16,7,23,3,D,B,B,B,1.5,193.21,0.058
CL,"Colgate-Palmolive
",74.14,65,77.36,88,11,-0.123280281,0.043431346,0.18694362,5,-3,1,4,3,C,A,C,B,2.4,77.15,0.0406
NVRO,Nevro Crop,133.88,139,153.33,165,10,0.038243203,0.145279355,0.232446967,5,-1,5,6,3,D,F,A,F,1.5,139.3,0.0405
PEG,"Public Service Enterprise
",52.99,57,62.71,68,7,0.075674656,0.183430836,0.283260993,5,2,3,1,3,C,D,C,C,1.3,54.91,0.0362
CDNS,Cadence Design,103.67,80,112.5,128,7,-0.228320633,0.08517411,0.234686988,5,-1,0,1,3,D,B,C,C,3.1,106.63,0.0286
SMAR,Smartsheet,48.21,50,60.54,68,13,0.037129226,0.255756067,0.410495748,5,-2,3,5,3,F,B,D,D,1.4,49.42,0.0251
SITE,"SiteOne Landscape Supply
",119.5,85,118.75,150,8,-0.288702929,-0.006276151,0.255230126,5,4,4,0,3,D,A,C,B,1.3,121.95,0.0205
MAR,"Marriott International
",90.81,83,101.82,148,12,-0.086003744,0.121242154,0.629776456,5,-2,1,3,3,C,B,A,B,1.1,92.58,0.0195
OI,O-I Glass,10.4,10,12.29,15,8,-0.038461538,0.181730769,0.442307692,5,2,4,2,3,A,B,D,A,31.4,10.59,0.0183
PEAK,"Healthpeak Properties
",26.81,27,29.5,32,9,0.007086908,0.100335696,0.193584483,5,-3,3,6,3,D,D,B,D,1.1,27.15,0.0127
CFX,Colfax,31.22,27,34.57,40,7,-0.135169763,0.107303011,0.281229981,5,1,1,0,3,C,D,C,D,1.5,31.36,0.0045
MKC,"McCormick & Company
",193.82,121,166.86,200,7,-0.375709421,-0.139098132,0.031885254,5,8,10,2,3,D,B,F,D,2.1,194.1,0.0014
USB,US Bancorp,36.26,36,42,54,8,-0.007170436,0.158301158,0.489244346,5,-1,2,3,3,C,F,A,D,1.2,35.85,-0.0113
CPB,Campbell Soup,49.34,44,53.57,59,7,-0.108228618,0.085731658,0.195784353,5,16,16,0,3,C,A,C,B,2.1,48.37,-0.0197
INFO,IHS Markit,80.2,30,79.62,90,14,-0.625935162,-0.00723192,0.122194514,5,-8,1,9,3,D,C,A,C,4.9,78.51,-0.0211
GS,"Goldman Sachs Group
",206,192,240.79,285,16,-0.067961165,0.168883495,0.383495146,5,0,0,0,3,C,D,A,C,2.3,200.97,-0.0244
NTAP,NetApp,44.99,38,49.92,60,14,-0.15536786,0.109579907,0.333629695,5,0,0,0,3,B,C,B,B,1.1,43.84,-0.0256
FRC,"First Republic Bank
",113.2,85,119.93,140,14,-0.249116608,0.059452297,0.236749117,5,0,,,3,D,F,D,F,2,109.06,-0.0366
HPE,"Hewlett Packard Enterprise
",9.75,8.5,10.83,14,11,-0.128205128,0.110769231,0.435897436,5,-20,5,25,3,A,C,C,A,3.1,9.37,-0.039
SVMK,SVMK,23.17,27,28.14,30,7,0.165299957,0.214501511,0.29477773,5,-5,0,5,3,F,B,C,C,1.3,22.11,-0.0457
DT,Dynatrace,43.16,40,49.22,55,9,-0.073215941,0.140407785,0.274328082,5,-9,0,9,3,F,A,C,C,2,41.02,-0.0496
TEX,Terex,20.42,15,21.44,30,9,-0.265426053,0.049951028,0.469147894,5,-1,1,2,3,A,B,D,A,3.8,19.36,-0.0519
SWN,"Southwestern Energy
",2.48,2,3.14,4.5,12,-0.193548387,0.266129032,0.814516129,5,-1,0,1,3,A,C,B,A,2,2.35,-0.0524
IAC,IAC/InterActive,126.69,135,155.94,174,17,0.06559318,0.230878522,0.37343121,5,-2,0,2,3,F,C,D,F,1.3,119.78,-0.0545
ALLO,"Allogene Therapeutics
",40.2,37,50.2,55,7,-0.07960199,0.248756219,0.368159204,5,-2,6,8,3,C,D,D,D,1.3,37.71,-0.0619
STL,"Sterling Bancorp
",11.42,12,15.33,20,7,0.050788091,0.342381786,0.751313485,5,0,1,1,3,A,F,F,D,1.4,10.52,-0.0788
XEC,Cimarex Energy,26.44,33,39,45,16,0.248108926,0.475037821,0.701966717,5,-1,1,2,3,B,D,C,C,2,24.33,-0.0798
SPLK,Splunk,204.51,195,239.79,300,29,-0.046501394,0.172509902,0.466920933,5,-1,2,3,3,F,F,F,F,1.4,188.13,-0.0801
AIV,"Apartment Investment & Management
",36.76,39,40.5,42,8,0.0609358,0.101741023,0.142546246,5,1,1,0,3,C,C,F,D,1.5,33.72,-0.0827
MPW,"Medical Properties
",19.26,19,21.4,23,10,-0.013499481,0.111111111,0.194184839,5,0,0,0,3,C,C,F,D,1.1,17.63,-0.0846
BRKR,Bruker,43.83,44,48.88,54,9,0.003878622,0.115217887,0.232032854,5,0,0,0,3,D,D,C,D,1.2,39.75,-0.0931
FEYE,FireEye,13.64,14,16.85,20,11,0.026392962,0.235337243,0.46627566,5,0,3,3,3,D,A,B,B,1.2,12.345,-0.0949
EVBG,Everbridge,140.24,140,161.5,180,8,-0.001711352,0.151597262,0.283513976,5,0,0,0,3,F,F,C,F,1.4,125.73,-0.1035
SONO,Sonos,17.06,13.86,16.91,20,7,-0.187573271,-0.008792497,0.172332943,5,-4,1,5,3,C,A,D,B,1.1,15.18,-0.1102
WWE,World Wrestling,45.93,35,49.43,66,8,-0.237970825,0.076202917,0.436969301,5,2,2,0,3,D,A,F,C,2.4,40.47,-0.1189
TFX,Teleflex,389.41,400,423.71,450,8,0.027194987,0.08808197,0.155594361,5,0,1,1,3,C,C,F,D,1.5,340.42,-0.1258
VIAV,Viavi Solutions,13.47,14,16.56,18,8,0.039346696,0.229398664,0.336302895,5,2,3,1,3,C,A,C,B,2.2,11.73,-0.1292
HRTX,"Heron Therapeutics
",17.17,19,33.86,70,8,0.106581246,0.972044263,3.076878276,5,-1,0,1,3,F,D,B,F,1.3,14.82,-0.1369
PSTG,Pure Storage,17.94,15,19.56,23,11,-0.163879599,0.090301003,0.282051282,5,1,2,1,3,F,A,C,C,1.1,15.39,-0.1421
AIG,"American International Group
",32.19,32,37.17,40,8,-0.005902454,0.154706431,0.242621932,5,0,0,0,3,B,C,F,C,2,27.53,-0.1448
DVN,Devon Energy,11.07,13,15.82,21,18,0.174345077,0.429087624,0.89701897,5,2,2,0,3,B,D,D,C,2,9.46,-0.1454
SRPT,"Sarepta Therapeutics
",164.52,161,193.57,230,16,-0.021395575,0.176574277,0.398006321,5,8,10,2,3,F,D,F,F,1.3,140.43,-0.1464
INCY,Incyte,105.37,87,103.73,124,14,-0.174338047,-0.015564202,0.176805542,5,-22,4,26,3,C,A,C,B,1.3,89.74,-0.1483
VYGR,"Voyager Therapeutics
",12.54,14,19.14,26,8,0.116427432,0.526315789,1.073365231,5,-13,1,14,3,C,D,B,C,1.2,10.67,-0.1491
MRNA,Moderna,83.225,41,90.62,134,14,-0.507359567,0.088855512,0.610093121,5,-6,8,14,3,F,D,F,F,1.3,70.75,-0.1499
PMT,"PennyMac Mortgage
",18.98,18,19.4,21,7,-0.051633298,0.022128556,0.106427819,5,0,0,0,3,F,D,B,D,1.3,16.07,-0.1533
GILD,Gilead Sciences,76.25,67,80.12,105,22,-0.121311475,0.050754098,0.37704918,5,-1,3,4,3,A,B,C,A,1.3,63.19,-0.1713
PE,Parsley Energy,11.63,12,15.14,22,21,0.031814273,0.301805675,0.891659501,5,0,0,0,3,A,D,A,A,2,9.36,-0.1952
PDCE,PDC Energy,15.47,18,21.1,25,10,0.16354234,0.363930187,0.616031028,5,1,2,1,3,A,D,C,B,2,12.395,-0.1988
OVV,Ovintiv,10.88,9.5,11.83,17,13,-0.126838235,0.087316176,0.5625,5,0,0,0,3,A,D,C,B,1.1,8.16,-0.25
PUMP,"Propetro Holding
",5.42,6.5,7.25,9,8,0.199261993,0.337638376,0.660516605,5,1,1,0,3,A,B,F,B,2.7,4.06,-0.2509
ONEM,"1Life Healthcare
",38.36,28,35.71,43,7,-0.270072993,-0.069082377,0.120959333,5,0,0,0,3,D,F,F,F,1.4,28.36,-0.2607
MGY,"Magnolia Oil & Gas
",7.01,7,8.06,9,9,-0.001426534,0.14978602,0.283880171,5,1,1,0,3,B,C,A,A,2,5.17,-0.2625
FANG,Diamondback,41.7,44,55.24,86,20,0.055155875,0.32470024,1.06235012,5,-2,0,2,3,A,D,C,B,2,30.12,-0.2777
WW,"WW International
",26.61,32,34.17,36,7,0.20255543,0.28410372,0.352874859,5,0,0,0,3,A,B,C,A,1,18.87,-0.2909
MRO,Marathon Oil,5.79,5.4,6.81,9,15,-0.067357513,0.176165803,0.554404145,5,0,0,0,3,B,F,F,D,2,4.09,-0.2936
EHTH,Ehealth,114.86,98,138,200,11,-0.146787393,0.20146265,0.741250218,5,-4,3,7,3,D,F,D,F,2,79,-0.3122
AVTR,Avantor,18.81,21,24.06,29,9,0.116427432,0.279106858,0.541733121,5,4,10,6,4,C,B,D,C,1.4,22.49,0.1956
TNDM,"Tandem Diabetes Care
",103.03,87,118.71,140,14,-0.155585752,0.152188683,0.358827526,5,0,1,1,4,D,A,B,B,1.5,113.5,0.1016
FOXA,Fox,25.91,21,28.73,34,12,-0.189502123,0.108838286,0.312234658,5,-1,0,1,4,B,A,C,A,3.3,27.83,0.0741
RF,"Regions Financial
",10.8,12,13.45,16,10,0.111111111,0.24537037,0.481481481,5,-7,2,9,4,A,D,D,C,3.9,11.53,0.0676
EXPE,Expedia,87.68,65,100.06,138,20,-0.258667883,0.141195255,0.573905109,5,-2,0,2,4,C,F,F,D,2.7,91.69,0.0457
BRBR,BellRing Brands,20.14,20,22.43,25,8,-0.006951341,0.113704071,0.241310824,5,0,0,0,4,B,A,D,A,1.4,20.74,0.0298
NFLX,Netflix,489.82,220,522.68,625,35,-0.550855416,0.067085868,0.275978931,5,0,0,0,4,D,A,B,B,3.3,500.03,0.0208
ESNT,Essent Group,36.34,36,46.43,61,7,-0.009356081,0.277655476,0.678591084,5,-1,1,2,4,B,D,D,C,2.9,37.01,0.0184
JNJ,"Johnson & Johnson
",150.01,158,166.86,175,7,0.053263116,0.112325845,0.166588894,5,0,0,0,4,B,C,C,B,2,148.88,-0.0075
TRIP,TripAdvisor,20.25,16,24.33,30,13,-0.209876543,0.201481481,0.481481481,5,-1,0,1,4,C,D,B,D,2.7,19.59,-0.0326
TEAM,Atlassian,191.3,175,204.44,240,11,-0.085206482,0.068687925,0.254573968,5,0,,,4,F,A,C,B,1.4,181.79,-0.0497
PLCE,"Children's Place
",30.81,14,20.88,35,8,-0.545602077,-0.322297955,0.135994807,5,-6,0,6,4,A,C,D,B,2,28.35,-0.0798
NXTC,NextCure,9.67,11,18.83,30,8,0.13753878,0.947259566,2.10237849,5,0,0,0,4,D,F,F,F,1.3,8.8,-0.09
GE,"General Electric
",7.06,6.3,8.4,11,10,-0.107648725,0.1898017,0.558073654,5,1,4,3,4,B,F,C,C,3.9,6.23,-0.1176
WAT,Waters,223.84,180,213.57,230,9,-0.195854182,-0.045880986,0.027519657,5,0,3,3,4,C,A,B,B,1.2,195.68,-0.1258
COP,Conocophillips,40.89,45,51,62,13,0.100513573,0.247248716,0.516263145,5,0,0,0,4,B,D,A,B,2,32.84,-0.1969
CVX,Chevron,91.04,95,106.25,113,8,0.043497364,0.16706942,0.241212654,5,1,2,1,4,B,D,F,D,1.1,72,-0.2091
VLO,Valero Energy,57.07,59,70.36,85,12,0.033818118,0.232871912,0.489398984,5,0,0,0,4,A,B,F,B,1.2,43.32,-0.2409
PK,"Park Hotels & Resorts
",9.21,7,10.43,13,9,-0.239956569,0.132464712,0.411509229,5,0,0,0,5,D,F,F,F,1.1,9.99,0.0847
ILMN,Illumina,391.71,310,363.89,400,10,-0.208598198,-0.071021929,0.021163616,5,2,2,0,5,D,C,D,F,1.3,309.08,-0.2109
TPH,Tri Pointe,17.15,17.5,20.75,24,7,0.020408163,0.209912536,0.39941691,4,2,2,0,1,B,A,D,A,14.8,18.14,0.0577
IIVI,II-VI,45.25,43,55.88,67,14,-0.049723757,0.234917127,0.480662983,4,2,4,2,1,D,B,A,B,2.4,40.56,-0.1036
EXPD,"Expeditors International
",79.51,64,78.13,91,9,-0.195069803,-0.017356307,0.144510125,4,-1,0,1,2,C,B,A,A,2.3,90.52,0.1385
NXGN,"NextGen Healthcare
",11.57,12,14.57,23,8,0.037165082,0.259291271,0.987899741,4,2,2,0,2,B,A,D,B,1.4,12.74,0.1011
LII,"Lennox International
",257.77,190,244.14,275,9,-0.262908795,-0.052876595,0.066842534,4,0,0,0,2,D,B,D,C,4.9,272.61,0.0576
MAA,"Mid-America Apartment
",112.17,120,126.17,136,7,0.069804761,0.124810555,0.212445395,4,0,0,0,2,D,D,B,D,1.5,115.95,0.0337
EXLS,"Exlservice Holdings
",64.42,64,73.17,86,8,-0.006519714,0.135827383,0.334989134,4,1,1,0,2,C,B,B,A,4.3,65.97,0.0241
BJ,"Bj's Wholesale Club Holdings
",41.44,33,48.43,55,15,-0.203667954,0.168677606,0.327220077,4,4,4,0,2,B,B,F,B,8.7,41.55,0.0027
ASGN,ASGN,69.27,60,74,88,7,-0.133824166,0.068283528,0.270391223,4,-3,0,3,2,A,A,D,A,2,63.56,-0.0824
OZK,Bank OZK,23.71,26,27.57,30,8,0.09658372,0.162800506,0.265288908,4,0,0,0,2,B,F,A,C,1.4,21.32,-0.1008
WHD,Cactus,21.6,19,23.63,28,8,-0.12037037,0.093981481,0.296296296,4,4,4,0,2,C,C,D,C,2,19.19,-0.1116
QLYS,Qualys,112.15,100,114.13,140,8,-0.108337049,0.017654926,0.248328132,4,-3,0,3,2,D,C,D,D,1.2,98.01,-0.1261
HAL,Halliburton,14.18,11.8,15.7,22.5,16,-0.167842031,0.10719323,0.58674189,4,0,0,0,2,B,C,A,A,2.7,12.05,-0.1502
PXD,Pioneer Natural,102.51,105,126.06,173,19,0.024290313,0.229733685,0.68764023,4,0,0,0,2,B,D,D,D,2,85.99,-0.1612
AIMT,"Aimmune Therapeutics
",15.6,15,34.25,50,10,-0.038461538,1.195512821,2.205128205,4,0,0,0,3,F,D,C,F,1.3,34.45,1.2083
BOOT,Boot Barn,19.62,17,25.67,31,9,-0.133537207,0.308358818,0.580020387,4,0,0,0,3,B,B,F,B,2,28.14,0.4343
TSLA,Tesla,318.466,19,299.27,566,30,-0.940339,-0.06027645,0.777269787,4,-2,1,3,3,F,A,F,C,2.8,429.01,0.3471
BPMC,"Blueprint Medicines
",78.45,77,98.91,110,12,-0.01848311,0.260803059,0.402166985,4,-14,2,16,3,D,F,F,F,1.3,92.7,0.1816
HRB,H&R Block,14.36,16,18.5,21,8,0.114206128,0.288300836,0.462395543,4,0,0,0,3,B,C,D,C,8.7,16.29,0.1344
FIVN,Five9,115.58,115,138.93,157,16,-0.005018169,0.202024572,0.358366499,4,1,1,0,3,F,C,B,D,1.4,129.68,0.122
UBER,"Uber Technologies
",32.66,34,42.09,50,27,0.041028781,0.288732394,0.530924679,4,-16,14,30,3,F,C,B,F,1.3,36.48,0.117
GDDY,GoDaddy,69.59,83,95.31,110,13,0.192700101,0.369593332,0.58068688,4,-5,2,7,3,C,B,D,C,1,75.97,0.0917
ULTA,Ulta Beauty,205.44,230,269.5,300,19,0.119548287,0.311818536,0.460280374,4,2,2,0,3,C,B,F,C,2,223.98,0.0902
ETN,Eaton,93.97,87,103.25,115,12,-0.074172608,0.098754922,0.223794828,4,0,0,0,3,B,B,C,B,2.4,102.03,0.0858
HPQ,HP,17.73,17,19.69,25,9,-0.041173153,0.110547095,0.410039481,4,2,3,1,3,A,B,A,A,3.8,18.99,0.0711
FE,FirstEnergy,27.09,28.5,38.14,45,13,0.052048726,0.407899594,0.661129568,4,3,5,2,3,B,B,D,B,1.3,28.71,0.0598
SRCL,Stericycle,60.47,52,64.8,76,8,-0.140069456,0.071605755,0.256821564,4,0,0,0,3,C,B,D,C,2.7,63.06,0.0428
CF,CF Industries,30.23,31,36.5,40,7,0.025471386,0.207409858,0.323188885,4,0,0,0,3,B,C,B,A,1.2,30.71,0.0159
WAB,"Westinghouse Air Brake Technologies
",61.61,65,72,80,7,0.055023535,0.168641454,0.298490505,4,-2,2,4,3,B,B,D,B,5.7,61.88,0.0044
CME,CME Group,170.31,138,176.08,210,13,-0.189712877,0.033879396,0.233045623,4,0,0,0,3,F,D,F,F,2,167.31,-0.0176
FMC,FMC,107.96,115,122.2,128,11,0.065209337,0.131900704,0.185624305,4,1,1,0,3,C,C,D,C,2.5,105.91,-0.019
MXIM,"Maxim Integrated
",68.93,50,70.83,81,13,-0.274626433,0.027564196,0.175105179,4,2,2,0,3,D,C,B,C,1.4,67.61,-0.0191
SNDR,"Schneider National
",25.53,25,27.57,30,7,-0.02075989,0.079905993,0.175088132,4,-1,1,2,3,A,A,A,A,2.3,24.73,-0.0313
KMX,CarMax,97.85,100,112.57,130,7,0.021972407,0.150434338,0.328564129,4,-3,0,3,3,C,C,A,B,41.8,91.91,-0.0607
ABMD,Abiomed,297.27,217,316.75,365,7,-0.270023884,0.065529653,0.227840011,4,0,2,2,3,D,D,B,D,1.5,277.06,-0.068
CVS,CVS Health,63.78,73,85.29,104,9,0.144559423,0.337253057,0.630605205,4,3,5,2,3,A,A,F,A,1.1,58.4,-0.0844
OGS,ONE Gas,77.7,70,83,92,8,-0.099099099,0.068211068,0.184041184,4,6,6,0,3,C,F,D,D,1.4,69.01,-0.1118
OKE,Oneok,29.5,25,32.42,38,13,-0.152542373,0.098983051,0.288135593,4,-1,0,1,3,A,D,F,C,1.4,25.98,-0.1193
NEWR,New Relic,64.4,54,66.7,78,12,-0.161490683,0.035714286,0.211180124,4,4,4,0,3,D,C,F,F,1.4,56.36,-0.1248
WORK,"Slack Technologies
",30.94,20,32.19,45,18,-0.353587589,0.040400776,0.454427925,4,-6,6,12,3,F,A,B,C,1.5,26.86,-0.1319
WETF,"WisdomTree Investments
",3.71,3,3.96,4.8,7,-0.191374663,0.067385445,0.293800539,4,0,0,0,3,B,B,D,B,2.3,3.2,-0.1375
PFPT,Proofpoint,122.72,130,147.56,174,12,0.059322034,0.202411995,0.417861799,4,-4,1,5,3,D,B,B,B,1.2,105.55,-0.1399
INTC,Intel,61.05,45,57.32,82,32,-0.262899263,-0.061097461,0.343161343,4,0,0,0,3,A,A,C,A,1.1,51.78,-0.1518
FFIV,F5 Networks,154.84,140,166.45,190,12,-0.095840868,0.074980625,0.227073108,4,2,2,0,3,B,C,C,B,1.4,122.77,-0.2071
XOM,Exxon Mobil,43.61,34,45.11,55,11,-0.220362302,0.034395781,0.261178629,4,0,0,0,3,B,F,F,D,1.1,34.33,-0.2128
IONS,"Ionis Pharmaceuticals
",60.67,54,71.22,91,12,-0.109939014,0.173891544,0.499917587,4,-1,1,2,3,C,F,F,F,1.3,47.45,-0.2179
HFC,Hollyfrontier,27.34,22,31.75,38,14,-0.195318215,0.161302121,0.389904901,4,-2,0,2,3,A,C,D,B,1.2,19.71,-0.2791
CLR,"Continental Resources
",17.69,12,16.31,20,16,-0.32165065,-0.078010175,0.13058225,4,-1,0,1,3,B,F,A,C,2,12.28,-0.3058
AKBA,"Akebia Therapeutics
",12.25,3,6.86,10,8,-0.755102041,-0.44,-0.183673469,4,-28,6,34,3,F,C,B,D,1.3,2.51,-0.7951
MNTA,Momenta Pharma,31.86,36,50.19,53,10,0.129943503,0.575329567,0.663527935,4,-13,3,16,4,F,D,A,D,1.3,52.48,0.6472
BILL,"Bill.com Holdings
",85.38,90,109.38,120,9,0.054111033,0.281096275,0.405481377,4,0,0,0,4,F,F,F,F,1.4,100.31,0.1749
TXN,"Texas Instruments
",132.53,108,141.52,165,22,-0.185090168,0.067833698,0.245001132,4,-1,0,1,4,D,A,B,B,1.1,142.79,0.0774
SPG,Simon Property,62.03,62,78.29,98,7,-0.000483637,0.262131227,0.579880703,4,-4,0,4,4,B,D,F,D,1,64.68,0.0427
SIX,Six Flags,20.53,17,21.5,30,9,-0.171943497,0.04724793,0.461276181,4,0,2,2,4,C,D,B,C,1,20.3,-0.0112
AKAM,Akamai,113.81,105,122.88,150,16,-0.077409718,0.079694227,0.317986117,4,2,2,0,4,C,A,B,B,1.3,110.54,-0.0287
ADSK,Autodesk,240.74,170,263.29,300,16,-0.293843981,0.093669519,0.24615768,4,1,1,0,4,D,A,B,B,3.1,231.01,-0.0404
CREE,Cree,67.17,60,69.13,79,11,-0.106744082,0.029179693,0.176120292,4,-2,0,2,4,F,D,D,F,4.9,63.74,-0.0511
UDR,UDR,36.47,33,38,41,7,-0.095146696,0.04195229,0.124211681,4,0,6,6,4,D,C,B,C,1.5,32.61,-0.1058
C,Citigroup,51.66,56,66,87,17,0.08401084,0.277584204,0.684088269,4,0,0,0,4,D,F,B,F,1.2,43.11,-0.1655
JWN,Nordstrom,15.14,11,17,30,9,-0.27344782,0.122853369,0.981505945,4,0,1,1,4,A,B,B,A,2,11.92,-0.2127
KPTI,"Karyopharm Therapeutics
",18.98,20,31.67,41,9,0.05374078,0.668598525,1.160168599,4,-5,4,9,4,F,D,B,F,1.3,14.6,-0.2308
AYX,Alteryx,168.16,110,162.1,216,10,-0.345861085,-0.036037108,0.284490961,4,-3,3,6,4,D,F,A,F,1.4,113.55,-0.3248
H,Hyatt Hotels,52.16,28,49.6,83,10,-0.463190184,-0.049079755,0.591257669,4,0,0,0,5,D,F,F,F,1.1,53.37,0.0232
FRT,Federal Realty,75.18,83,88,95,8,0.104017026,0.170524076,0.263633945,4,-1,0,1,5,D,F,F,F,1,73.44,-0.0231
HOG,Harley-Davidson,28.63,23,30.11,36,14,-0.196646874,0.051694027,0.257422284,4,-2,0,2,5,B,C,D,B,2.8,24.54,-0.1429
HII,"Huntington Ingalls
",179.61,158,181.86,205,7,-0.120316241,0.012527142,0.14136184,4,-8,6,14,5,A,B,B,A,1.2,140.75,-0.2164
ALK,Alaska Air,36.3,35,50.33,63,8,-0.035812672,0.386501377,0.73553719,3,-4,0,4,1,B,F,F,F,1.1,36.63,0.0091
F,Ford Motor,6.84,4.9,7.43,8,12,-0.283625731,0.08625731,0.169590643,3,-2,1,3,1,B,D,B,C,2.8,6.66,-0.0263
AXTA,"Axalta Coating Systems
",22.92,23,26.44,30,9,0.003490401,0.153577661,0.308900524,3,0,0,0,1,D,F,C,F,2.2,22.17,-0.0327
WSC,"WillScot Mobile Mini Holdings
",14.48,20,21.57,25,7,0.38121547,0.489640884,0.726519337,3,2,2,0,2,C,B,F,C,8.4,16.68,0.1519
OC,Owens Corning,61.91,52,65.92,80,14,-0.160071071,0.064771442,0.292198352,3,0,0,0,2,B,B,A,A,10,68.81,0.1115
RSG,"Republic Services
",85.66,90,100.5,114,8,0.050665421,0.173243054,0.330842867,3,2,2,0,2,C,C,C,C,2.7,93.35,0.0898
MLM,"Martin Marietta Materials
",224.33,220,246.29,267,8,-0.019301921,0.097891499,0.19021085,3,-1,0,1,2,D,B,F,D,9,235.36,0.0492
JBHT,JB Hunt,132.16,110,135.88,155,18,-0.167675545,0.0281477,0.172820823,3,0,0,0,2,B,A,A,A,13.9,126.38,-0.0437
SBRA,"Sabra Healthcare REIT
",14.48,14,15.38,19,8,-0.033149171,0.062154696,0.312154696,3,0,0,0,2,C,D,B,D,1.1,13.785,-0.048
EFX,Equifax,168.01,150,182.67,200,10,-0.107196,0.087256711,0.190405333,3,-5,0,5,2,D,C,C,D,3.3,156.9,-0.0661
BOX,Box,18.78,24,25.4,30,7,0.277955272,0.352502662,0.597444089,3,0,0,0,2,F,B,B,C,1.4,17.36,-0.0756
TRU,TransUnion,91.06,95,102.67,106,7,0.043268175,0.127498353,0.164067648,3,7,10,3,2,D,C,B,C,4.9,84.13,-0.0761
SLCA,"US Silica Holdings
",3.59,2.5,3.56,4.5,7,-0.30362117,-0.008356546,0.253481894,3,-10,0,10,2,B,D,C,C,4.1,3,-0.1643
NOV,"National-Oilwell
",12.18,11,13.58,16,10,-0.096880131,0.114942529,0.3136289,3,0,1,1,2,C,A,B,B,1.1,9.06,-0.2562
SM,SM Energy,3.94,3,3.5,4.5,8,-0.23857868,-0.111675127,0.14213198,3,-2,0,2,2,A,F,A,B,2,1.59,-0.5964
PLAN,Anaplan,45.73,50,65.75,75,16,0.093374153,0.437787011,0.640061229,3,-8,0,8,3,F,B,D,D,1.4,62.58,0.3685
GPS,Gap,12.83,14,18.2,28,16,0.091192518,0.418550273,1.182385035,3,-6,0,6,3,B,B,B,A,2,17.03,0.3274
URBN,"Urban Outfitters
",15.91,18,24.67,30,19,0.131363922,0.550597109,0.885606537,3,0,0,0,3,B,B,A,A,2,20.81,0.308
BYND,Beyond Meat,130.57,72,126.71,180,16,-0.448571647,-0.029562687,0.378570882,3,-2,0,2,3,F,F,B,F,1.2,166.06,0.2718
INSP,"Inspire Medical Systems
",101.88,50,121.56,150,9,-0.509226541,0.193168433,0.472320377,3,-3,0,3,3,F,F,A,F,1.4,129.05,0.2667
AXNX,"Axonics Modulation Technologies
",40.35,45,52.43,59,7,0.115241636,0.299380421,0.4622057,3,-3,0,3,3,F,F,B,F,1.4,51.04,0.2649
FRPT,Freshpet,89.31,67,99.88,130,9,-0.249804053,0.118351808,0.455604076,3,-1,1,2,3,F,C,F,F,2.1,111.65,0.2501
JCOM,J2 Global,56.26,81,91.5,120,7,0.439744046,0.626377533,1.132954141,3,0,0,0,3,A,B,A,A,1.4,69.22,0.2304
CHRW,CH Robinson,85.2,53,91.15,105,16,-0.377934272,0.069835681,0.232394366,3,0,0,0,3,B,A,A,A,2.3,102.19,0.1994
DNKN,Dunkin' Brands,69.49,63,73,80,15,-0.093394733,0.050510865,0.151244783,3,0,0,0,3,D,D,C,D,4.3,81.91,0.1787
CAKE,"Cheesecake Factory
",23.6,18,24.92,30,14,-0.237288136,0.055932203,0.271186441,3,0,0,0,3,B,D,A,B,4.3,27.74,0.1754
CRL,"Charles River Labs
",198.16,192,235.67,256,13,-0.031085991,0.189291482,0.291885345,3,0,0,0,3,C,B,A,B,1.4,226.45,0.1428
ZTS,Zoetis,145.11,150,168.22,185,11,0.033698573,0.159258494,0.274894907,3,2,2,0,3,C,C,C,C,1.3,165.37,0.1396
PCRX,"Pacira Pharmaceuticals
",54.24,54,65.08,85,12,-0.004424779,0.199852507,0.567109145,3,-2,0,2,3,C,F,A,C,1.3,60.12,0.1084
STZ,"Constellation Brands
",179.49,151,202.38,243,16,-0.158727506,0.127527996,0.353835868,3,0,0,0,3,D,B,A,B,3.8,189.51,0.0558
WELL,Welltower,52.33,42,53.7,60,11,-0.197401108,0.026180011,0.146569845,3,0,0,0,3,D,D,F,F,1.1,55.09,0.0527
ROST,Ross Stores,88.78,88,101.27,112,15,-0.008785763,0.140684839,0.261545393,3,-4,0,4,3,C,B,F,C,2.4,93.32,0.0511
DISCA,Discovery,21.11,20,26.8,33,11,-0.052581715,0.269540502,0.563240171,3,0,0,0,3,A,B,A,A,3.3,21.77,0.0313
EMN,"Eastman Chemical
",76.6,73,81.33,92,12,-0.046997389,0.061749347,0.201044386,3,-2,0,2,3,B,B,A,A,2.5,78.12,0.0198
FIS,"Fidelity National Info
",144.77,128,166.58,178,24,-0.115838917,0.15065276,0.229536506,3,3,3,0,3,D,C,A,C,3.3,147.21,0.0169
BWA,BorgWarner,38.31,23,44.08,53,12,-0.39963456,0.150613417,0.383450796,3,0,0,0,3,A,D,A,B,2.9,38.74,0.0112
ON,"ON Semiconductor
",21.45,14,23.7,28,17,-0.347319347,0.104895105,0.305361305,3,1,2,1,3,C,D,D,D,1.4,21.69,0.0112
AJG,"Arthur J Gallagher & Co
",104.45,101,115.6,130,10,-0.033030158,0.106749641,0.244614648,3,0,0,0,3,D,A,C,B,2,105.58,0.0108
RJF,"Raymond James Financial
",72.43,63,77.83,91,7,-0.130194671,0.074554743,0.256385476,3,-4,2,6,3,C,F,D,D,2.3,72.76,0.0046
WWD,Woodward,80.1,47,84,100,7,-0.413233458,0.048689139,0.248439451,3,0,0,0,3,B,B,B,B,2,80.16,0.0007
PBYI,"Puma Biotechnology
",10.13,9,11.83,15,7,-0.111549852,0.167818361,0.480750247,3,-2,0,2,3,B,A,F,A,1.3,10.09,-0.0039
FAST,"Fastenal Company
",45.84,34,46.13,51,9,-0.258289703,0.006326353,0.112565445,3,0,1,1,3,D,A,C,B,13.9,45.09,-0.0164
ACAD,"ACADIA Pharmaceuticals
",42.92,42,57.57,66,15,-0.021435228,0.341332712,0.537744641,3,-10,1,11,3,F,C,C,D,1.3,41.25,-0.0389
HALO,Halozyme,27.8,14,31.86,43,7,-0.496402878,0.146043165,0.54676259,3,-12,0,12,3,D,B,D,D,1.3,26.28,-0.0547
WU,Western Union,22.67,21,24.44,28,10,-0.073665637,0.078076753,0.235112483,3,-10,0,10,3,A,B,A,A,3.3,21.43,-0.0547
FLT,"Fleetcor Technologies
",262.18,250,282.46,310,15,-0.046456633,0.077351438,0.182393775,3,1,1,0,3,C,C,F,D,3.3,238.1,-0.0918
KRC,Kilroy Realty,58.21,49,67.38,76,8,-0.158220237,0.15753307,0.305617591,3,3,3,0,3,D,D,B,D,1.1,51.96,-0.1074
SR,Spire,65.23,63,69.33,74,9,-0.034186724,0.062854515,0.13444734,3,0,0,0,3,B,C,F,C,1.4,53.2,-0.1844
HES,Hess,52.09,48,58.86,71,15,-0.07851795,0.129967364,0.363025533,3,-1,0,1,3,C,D,F,D,2,40.93,-0.2142
EOG,EOG Resources,50.19,52,63.53,85,16,0.036062961,0.265789998,0.693564455,3,-2,0,2,3,B,D,A,B,2,35.94,-0.2839
ZGNX,Zogenix,26.98,25,46.29,68,9,-0.073387695,0.715715345,1.520385471,3,0,0,0,3,F,C,B,D,1.3,17.93,-0.3354
PCTY,Paylocity,136.25,133,147.71,165,9,-0.023853211,0.084110092,0.211009174,3,6,8,2,4,D,B,B,C,1.4,161.42,0.1847
EL,"The Este Lauder Companies
",195.57,180,225.38,244,13,-0.079613438,0.152426241,0.247635118,3,0,0,0,4,D,C,C,D,1.3,218.25,0.116
HT,"Hersha Hospitality
",5.11,4,5.83,8,7,-0.217221135,0.140900196,0.56555773,3,-4,0,4,4,B,F,F,D,1.1,5.54,0.0841
JBLU,JetBlue Airways,10.62,9,12.17,17,8,-0.152542373,0.145951036,0.600753296,3,0,0,0,4,B,D,A,B,1.1,11.33,0.0669
PNC,PNC Financial,106.63,83,114.04,127,11,-0.221607428,0.069492638,0.191034418,3,0,0,0,4,B,F,F,D,1.2,109.91,0.0308
WFC,Wells Fargo,26.26,23,30.43,40,19,-0.124143184,0.158796649,0.523229246,3,0,0,0,4,D,D,A,D,1.2,23.51,-0.1047
MPC,"Marathon Petroleum
",38.73,35,46,66,13,-0.096307772,0.187709786,0.704105345,3,0,0,0,4,A,B,F,B,1.2,29.34,-0.2424
NPTN,NeoPhotonics,8.65,6.5,9.9,13,7,-0.248554913,0.144508671,0.502890173,3,0,1,1,4,B,A,F,A,1.2,6.09,-0.296
HDS,"HD Supply Holdings
",35.94,36,43.4,51,11,0.001669449,0.207568169,0.41903172,3,3,3,0,5,C,A,B,A,1.3,41.24,0.1475
SCHW,Charles Schwab,34.86,35,38.75,47,8,0.004016064,0.111589214,0.348250143,3,-4,0,4,5,F,F,D,F,2.3,36.23,0.0393
SAVE,Spirit Airlines,16.66,15,20.6,29,8,-0.099639856,0.236494598,0.740696279,3,-2,1,3,5,C,F,C,F,1.1,16.1,-0.0336
PINC,Premier,34.83,32,35.88,39,9,-0.081251794,0.030146425,0.119724376,3,2,2,0,5,C,B,F,C,1.4,32.83,-0.0574
HXL,Hexcel,45.97,22,41.45,55,11,-0.521427018,-0.098324995,0.196432456,3,1,1,0,5,B,C,F,C,1.1,33.55,-0.2702
AN,AutoNation,48.85,54,62.67,73,7,0.10542477,0.282906858,0.494370522,2,1,3,2,1,A,A,A,A,125.5,52.93,0.0835
JACK,Jack In The Box,77.85,64,88.82,100,11,-0.17790623,0.14091201,0.284521516,2,0,0,0,1,D,C,A,B,4.3,79.31,0.0188
CC,"Chemours Company
",16.84,18,19.86,22,7,0.06888361,0.179334917,0.306413302,2,0,1,1,2,B,D,F,D,2.5,20.91,0.2417
DFS,"Discover Financial Services
",50.7,52.5,62.82,82,13,0.035502959,0.239053254,0.617357002,2,-4,1,5,2,B,F,A,C,2.7,57.78,0.1396
ATH,Athene Holding,33.92,38,46.29,72,7,0.120283019,0.364681604,1.122641509,2,4,5,1,2,B,D,C,C,3.3,34.08,0.0047
HTLD,"Heartland Express
",20.225,17,21.88,26,9,-0.159456119,0.081829419,0.285537701,2,0,0,0,2,B,C,B,B,13.9,18.6,-0.0803
MUR,Murphy Oil,14.52,10,15.14,22,13,-0.311294766,0.042699725,0.515151515,2,0,0,0,2,A,F,A,C,2,8.92,-0.3857
MGM,MGM Resorts,16.33,13,19.82,27,12,-0.203919167,0.213717085,0.653398653,2,0,0,0,3,B,F,B,D,2.5,21.75,0.3319
XYL,Xylem,74.42,69,79.43,88,8,-0.072829884,0.067320613,0.182477829,2,-56,0,56,3,D,B,C,C,1.5,84.12,0.1303
TDC,Teradata,20.53,17,26.4,36,7,-0.171943497,0.285923039,0.753531417,2,4,4,0,3,B,C,B,B,1.1,22.7,0.1057
CAT,Caterpillar,136.98,111,144,164,16,-0.189662724,0.051248357,0.197255074,2,1,1,0,3,B,C,B,B,3.8,149.15,0.0888
PAYX,Paychex,73.83,64,73.57,78,7,-0.133143709,-0.003521604,0.056481105,2,0,0,0,3,D,B,C,C,4.3,79.77,0.0805
FISV,Fiserv,102.44,96,125.72,160,19,-0.062866068,0.227254979,0.561889887,2,-6,3,9,3,C,B,D,C,3.3,103.05,0.006
JPM,"JPMorgan Chase & Co.
",98.69,80,110.58,122,15,-0.18938089,0.120478265,0.236194143,2,0,0,0,3,C,D,A,D,1.2,96.27,-0.0245
IART,"Integra Lifesciences
",48.83,53,58,68,7,0.085398321,0.187794389,0.392586525,2,-2,3,5,3,B,D,D,C,1.5,47.22,-0.033
HUBG,Hub Group,51.92,44,55,62,8,-0.152542373,0.059322034,0.194144838,2,6,6,0,3,A,A,A,A,2.3,50.195,-0.0332
BK,BNY Mellon,36.04,40,43.78,51,10,0.109877913,0.214761376,0.41509434,2,2,8,6,3,C,B,C,B,1.2,34.34,-0.0472
ETFC,"E*Trade Financial
",52.71,50,52.14,55,7,-0.051413394,-0.010813887,0.043445267,2,0,1,1,3,D,F,A,F,2.3,50.05,-0.0505
COG,Cabot Oil & Gas,18.48,18,21,23,9,-0.025974026,0.136363636,0.244588745,2,3,3,0,3,B,D,A,B,2,17.36,-0.0606
LEA,Lear,116.9,93,127.44,143,10,-0.204448246,0.090162532,0.22326775,2,-1,1,2,3,B,F,B,C,2.9,109.05,-0.0672
BHF,"Brighthouse Financial
",29.395,27,31.5,37,7,-0.081476442,0.071610818,0.258717469,2,-3,1,4,3,A,F,C,C,3.3,26.91,-0.0845
FLS,Flowserve,30.26,25,30,33,7,-0.173826834,-0.008592201,0.090548579,2,3,4,1,3,B,C,A,A,1.5,27.29,-0.0981
AERI,Aerie Pharma,13.26,20,27.5,35,9,0.508295626,1.073906486,1.639517345,2,0,0,0,3,F,D,D,F,1.3,11.77,-0.1124
HSIC,Henry Schein,67.75,59,67.2,74,7,-0.129151292,-0.008118081,0.092250923,2,2,4,2,3,B,F,C,C,2.1,58.78,-0.1324
CHX,ChampionX,9.26,12,13.95,17,8,0.295896328,0.506479482,0.835853132,2,-9,3,12,3,B,C,A,B,1.3,7.99,-0.1371
CG,Carlyle Group,29.4,17,29.33,40,9,-0.421768707,-0.002380952,0.360544218,2,6,6,0,3,C,A,C,B,2,24.67,-0.1609
WEX,WEX,165.97,155,180.44,225,9,-0.066096282,0.087184431,0.355666687,2,-1,0,1,3,B,B,C,B,3.3,138.97,-0.1627
BLUE,Bluebird Bio,65.33,68,102.55,140,13,0.040869432,0.569722945,1.142966478,2,-3,6,9,3,F,B,B,D,1.3,53.95,-0.1742
HP,"Helmerich & Payne
",19.29,11.5,20.44,28,9,-0.403836185,0.059616382,0.45152929,2,1,7,6,3,B,B,C,B,2,14.65,-0.2405
TRGP,Targa Resources,19.15,18,23.88,39,11,-0.060052219,0.246997389,1.036553525,2,1,1,0,3,A,A,A,A,1.2,14.03,-0.2674
MNK,Mallinckrodt,2.34,1,1.63,2.5,9,-0.572649573,-0.303418803,0.068376068,2,-8,0,8,3,A,C,C,A,1.2,0.9733,-0.5841
TWTR,Twitter,36.94,30,38.69,52,29,-0.187872225,0.04737412,0.407688143,2,-6,0,6,4,D,D,C,F,1.4,44.5,0.2047
LUV,"Southwest Airlines
",33.3,36,43.8,54,13,0.081081081,0.315315315,0.621621622,2,-1,0,1,4,B,C,C,C,1.1,37.5,0.1261
BURL,"Burlington Stores
",188.53,200,234.78,255,11,0.060839124,0.245319047,0.352569883,2,-1,0,1,4,D,C,C,D,2.4,206.09,0.0931
PLNT,Planet Fitness,57.57,47,67.22,82,10,-0.183602571,0.167622025,0.424352962,2,-3,0,3,4,D,F,F,F,1,61.62,0.0703
AR,"Antero Resources
",2.69,2.5,3.67,5.8,11,-0.07063197,0.364312268,1.156133829,2,-3,0,3,4,A,D,A,A,2,2.75,0.0223
ADNT,Adient,18.09,13,20.57,26,8,-0.281370923,0.137092316,0.437258154,2,2,2,0,4,D,F,C,F,2.9,17.33,-0.042
APLS,"Apellis Pharmaceuticals
",31.58,31,48.5,62,7,-0.018366054,0.535782141,0.963267891,2,-4,3,7,4,D,C,C,D,1.3,30.17,-0.0446
IFF,"International Flavors & Fragrances
",128.55,111,132.17,150,7,-0.136522754,0.028160249,0.166861144,2,-1,0,1,4,C,B,C,B,3,122.45,-0.0475
REG,Regency Centers,41.37,38,45.22,52,10,-0.081459995,0.093062606,0.25694948,2,3,3,0,4,C,D,A,D,1,38.02,-0.081
GD,"General Dynamics
",151.53,159,164.33,180,7,0.049297169,0.084471722,0.187883587,2,1,1,0,4,A,B,D,B,1.2,138.43,-0.0865
SWCH,Switch,17.91,19,22,24,7,0.060859855,0.228364042,0.340033501,2,0,0,0,4,D,B,F,C,1.5,15.61,-0.1284
PBF,PBF Energy,8.74,6,11.71,19,8,-0.313501144,0.339816934,1.173913043,2,-3,1,4,4,A,D,D,C,1.2,5.69,-0.349
DK,"Delek US Holdings
",18.41,13,19.85,35,13,-0.293862032,0.07821836,0.901140684,2,-3,0,3,4,A,C,F,B,1.2,11.13,-0.3954
IR,Ingersoll Rand,31.9,31,34.14,36,7,-0.028213166,0.070219436,0.128526646,2,-2,2,4,5,F,C,A,C,1.5,35.6,0.116
RLJ,RLJ Lodging,8.3,8,10.21,12,8,-0.036144578,0.230120482,0.445783133,2,0,0,0,5,C,F,F,F,1.1,8.66,0.0434
UA,Under Armour,9.42,9,9.4,11,7,-0.044585987,-0.002123142,0.167728238,2,-4,0,4,,,,,,1.3,9.84,0.0446
ANF,"Abercrombie Fitch
",9.97,9,13.22,20,9,-0.097291876,0.325977934,1.006018054,1,2,2,0,3,A,A,B,A,2,13.93,0.3972
SHAK,Shake Shack,53.03,46,56.4,78,10,-0.132566472,0.063548935,0.470865548,1,0,0,0,3,F,D,B,F,4.3,64.48,0.2159
MHK,"Mohawk Industries
",83.87,70,92.5,118,13,-0.165374985,0.102897341,0.406939311,1,1,1,0,3,A,B,A,A,5.5,97.59,0.1636
VTR,Ventas,36.33,30,39.33,47,15,-0.174236168,0.082576383,0.293696669,1,0,0,0,3,C,D,F,D,1.1,41.96,0.155
UAL,"United Airlines Holdings
",31.67,25,39.17,61,10,-0.21060941,0.236817177,0.926113041,1,4,6,2,3,B,D,C,C,1.1,34.75,0.0973
AAL,"American Airlines
",11.36,9,12,18,10,-0.207746479,0.056338028,0.584507042,1,-9,9,18,3,A,F,D,C,1.1,12.29,0.0819
SJM,JM Smucker,107.59,106,122.11,127,9,-0.014778325,0.13495678,0.180407101,1,-1,0,1,3,C,A,D,B,2.1,115.52,0.0737
HAS,Hasbro,79.15,69,85.57,103,7,-0.128237524,0.081111813,0.301326595,1,-20,4,24,3,C,F,A,C,3.8,82.72,0.0451
NTRS,Northern,75.62,73,83.88,92,9,-0.034646919,0.109230362,0.216609363,1,-1,0,1,3,C,C,A,B,1.2,77.97,0.0311
CGNX,Cognex,63.33,39,54.5,72,7,-0.384178115,-0.139428391,0.136901942,1,-1,0,1,3,F,D,A,F,2,65.1,0.0279
NTNX,Nutanix,22.38,18,27.63,35,11,-0.195710456,0.23458445,0.563896336,1,4,8,4,3,D,B,C,C,2,22.18,-0.0089
SC,"Santander Consumer USA
",18.44,14.5,19.93,22,7,-0.213665944,0.080802603,0.193058568,1,-2,0,2,3,A,F,A,C,2.7,18.19,-0.0136
ICPT,"Intercept Pharma
",46.38,46,67.76,140,23,-0.008193187,0.460974558,2.018542475,1,-15,4,19,3,F,B,F,D,1.3,41.46,-0.1061
MTB,M&T Bank,103.44,107,120.5,135,8,0.034416087,0.164926527,0.305104408,1,0,0,0,3,C,F,F,F,1.2,92.09,-0.1097
M,Macy's,6.46,4,5.33,7,7,-0.380804954,-0.174922601,0.083591331,1,-2,0,2,3,A,B,A,A,2,5.7,-0.1176
APA,Apache,14.51,11,16.03,22,19,-0.241902136,0.104755341,0.516195727,1,-2,0,2,3,B,D,A,C,2,9.47,-0.3473
OXY,"Occidental Petroleum
",16.95,8,16.08,25,13,-0.528023599,-0.051327434,0.474926254,1,-2,0,2,3,B,F,D,D,2,10.01,-0.4094
SEAS,SeaWorld,16.67,13,19.88,29,8,-0.220155969,0.192561488,0.73965207,1,-1,0,1,4,C,D,D,D,1,19.72,0.183
DAL,Delta Airlines,26.25,32,39.17,50,9,0.219047619,0.492190476,0.904761905,1,-2,2,4,4,B,D,F,C,1.1,30.58,0.165
UAA,Under Armour,10.44,5,10.88,15,10,-0.521072797,0.042145594,0.436781609,1,-4,0,4,4,C,B,C,B,1.3,11.23,0.0757
COMM,"CommScope Holding
",8.91,10.75,13.79,18,7,0.20650954,0.547699214,1.02020202,1,2,2,0,4,A,B,C,A,1.3,9,0.0101
WYNN,Wynn Resorts,76.1,72,93.54,120,14,-0.053876478,0.229172142,0.576872536,1,-2,0,2,4,C,F,C,F,2.5,71.81,-0.0564
POR,Portland GE,44.08,40,42.43,47,10,-0.092558984,-0.037431942,0.066243194,1,-3,0,3,4,B,B,B,B,1.3,35.5,-0.1946
COTY,Coty,4.12,3.5,4.71,7,7,-0.150485437,0.143203883,0.699029126,1,-10,8,18,4,B,F,D,D,1.3,2.7,-0.3447
NBR,"Nabors Industries
",37.79,15,31.93,45,8,-0.603069595,-0.155067478,0.190791215,1,4,6,2,4,A,A,D,A,2,24.44,-0.3533
RCL,Royal Caribbean,51.45,35,57.15,75,16,-0.319727891,0.110787172,0.457725948,1,-4,2,6,5,D,F,D,F,1,64.73,0.2581
NCLH,"Norwegian Cruise Line
",14.66,12,16.85,23,11,-0.181446112,0.149386085,0.568894952,1,-6,0,6,5,D,F,C,F,1,17.11,0.1671
ARMK,"ARAMARK Holdings
",23.28,24,28,36,8,0.030927835,0.202749141,0.546391753,1,-3,2,5,5,D,C,F,D,2.1,26.45,0.1362
CCL,Carnival,15.14,10,15.93,24,18,-0.339498018,0.052179657,0.585204756,1,-3,0,3,5,B,F,D,D,1,15.18,0.0026
SPR,"Spirit AeroSystems
",22.89,12,21.7,26,11,-0.475753604,-0.051987768,0.135867191,1,-2,0,2,5,B,C,F,C,1.1,18.91,-0.1739
PRNB,"Principia Biopharma
",82.75,100,107.57,130,7,0.208459215,0.299939577,0.570996979,1,-1,1,2,,,,,,,100.5,0.2145
CBOE,"Cboe Global Markets
",91.65,88,98.2,115,10,-0.039825423,0.07146754,0.254773595,0,0,0,0,3,D,A,C,B,2,87.74,-0.0427
